reference_period,type_of_service,aggregation_level,state,county,state_fips,county_fips,number_of_fee_for_service_beneficiaries,number_of_providers,average_number_of_users_per_provider,percentage_of_users_out_of_ffs_beneficiaries,number_of_users,average_number_of_providers_per_county,number_of_dual_eligible_users,percentage_of_dual_eligible_users_out_of_total_users,percentage_of_dual_eligible_users_out_of_dual_eligible_ffs_beneficiaries,total_payment,moratorium,number_of_fee_for_service_beneficiaries_dual_color,number_of_fee_for_service_beneficiaries_description,number_of_providers_dual_color,number_of_providers_description,average_number_of_users_per_provider_dual_color,average_number_of_users_per_provider_description,percentage_of_users_out_of_ffs_beneficiaries_dual_color,percentage_of_users_out_of_ffs_beneficiaries_description,number_of_users_dual_color,number_of_users_description,average_number_of_providers_per_county_dual_color,average_number_of_providers_per_county_description,number_of_dual_eligible_users_dual_color,number_of_dual_eligible_users_description,percentage_of_dual_eligible_users_out_of_total_users_dual_color,percentage_of_dual_eligible_users_out_of_total_users_description,percentage_of_dual_eligible_users_out_of_dual_eligible_ffs_beneficiaries_dual_color,percentage_of_dual_eligible_users_out_of_dual_eligible_ffs_beneficiaries_description,total_payment_dual_color,total_payment_description,number_of_fee_for_service_beneficiaries_change,number_of_providers_change,average_number_of_users_per_provider_change,percentage_of_users_out_of_ffs_beneficiaries_change,number_of_users_change,average_number_of_providers_per_county_change,number_of_dual_eligible_users_change,percentage_of_dual_eligible_users_out_of_total_users_change,percentage_of_dual_eligible_users_out_of_dual_eligible_ffs_beneficiaries_change,total_payment_change
"2020-01-01 to 2020-12-31","Ambulance (Emergency & Non-Emergency)",COUNTY,MI,WAYNE,26,163,"168,970",78,288.67,13.33%,"22,516",78,"10,726",47.64%,21.51%,"$20,795,840.26",No,"BLUE 5","Extreme Values (More than 20,897 Beneficiaries)","BLUE 5","Extreme Values (More than 20 Providers)","BLUE 5","Extreme Values (More than 264.82 Users)","BLUE 3","Third Lowest 25% (11.64% - 13.39% of Users)","BLUE 5","Extreme Values (More than 2,472 Users)","BLUE 5","Extreme Values (More than 20.49 Providers)","BLUE 5","Extreme Values (More than 736 Dual Eligible Users)","BLUE 4","Top 25% Excl. Extreme Values (34.74% - 54.97% of Total Users)","BLUE 3","Third Lowest 25% (20.38% - 23.01% of Total FFS Beneficiaries)","BLUE 5","Extreme Values (More than $2,375,817.97 )"," "," "," "," "," "," "," "," "," "," "
"2020-01-01 to 2020-12-31","Ambulance (Emergency)",COUNTY,MI,WAYNE,26,163,"168,970",71,277.65,11.67%,"19,713",71,"9,457",47.97%,18.97%,"$12,876,638.24",No,"BLUE 5","Extreme Values (More than 21,005 Beneficiaries)","BLUE 5","Extreme Values (More than 14 Providers)","BLUE 4","Top 25% Excl. Extreme Values (174.56 - 345.49 Users)","BLUE 3","Third Lowest 25% (10.40% - 12.06% of Users)","BLUE 5","Extreme Values (More than 2,237 Users)","BLUE 5","Extreme Values (More than 14.49 Providers)","BLUE 5","Extreme Values (More than 681 Dual Eligible Users)","BLUE 4","Top 25% Excl. Extreme Values (35.44% - 56.03% of Total Users)","BLUE 3","Third Lowest 25% (18.71% - 21.17% of Total FFS Beneficiaries)","BLUE 5","Extreme Values (More than $1,640,935.53 )"," "," "," "," "," "," "," "," "," "," "
"2020-01-01 to 2020-12-31","Ambulance (Non-Emergency)",COUNTY,MI,WAYNE,26,163,"168,970",78,137.91,6.37%,"10,757",78,"5,473",50.88%,10.98%,"$7,819,586.66",No,"BLUE 5","Extreme Values (More than 22,275 Beneficiaries)","BLUE 5","Extreme Values (More than 22 Providers)","BLUE 5","Extreme Values (More than 92.83 Users)","BLUE 4","Top 25% Excl. Extreme Values (5.41% - 9.80% of Users)","BLUE 5","Extreme Values (More than 907 Users)","BLUE 5","Extreme Values (More than 22.99 Providers)","BLUE 5","Extreme Values (More than 301 Dual Eligible Users)","BLUE 4","Top 25% Excl. Extreme Values (38.06% - 60.07% of Total Users)","BLUE 4","Top 25% Excl. Extreme Values (10.18% - 17.10% of Total FFS Beneficiaries","BLUE 5","Extreme Values (More than $722,802.89 )"," "," "," "," "," "," "," "," "," "," "
"2020-01-01 to 2020-12-31","Cardiac Rehabilitation Program",COUNTY,MI,WAYNE,26,163,"175,366",14,42.36,0.34%,593,14,123,20.74%,0.25%,"$1,949,063.66",No,"BLUE 5","Extreme Values (More than 33,238 Beneficiaries)","BLUE 5","Extreme Values (More than 3 Providers)","BLUE 3","Third Lowest 25% (32.00 - 51.59 Users)","BLUE 1","Lowest 25% (Less than 0.37% of Users)","BLUE 5","Extreme Values (More than 159 Users)","BLUE 5","Extreme Values (More than 3.49 Providers)","BLUE 5","Extreme Values (More than 50 Dual Eligible Users)","BLUE 4","Top 25% Excl. Extreme Values (16.97% - 31.53% of Total Users)","BLUE 2","Second Lowest 25% (0.21% - 0.39% of Total FFS Beneficiaries)","BLUE 5","Extreme Values (More than $1,186,440.42 )"," "," "," "," "," "," "," "," "," "," "
"2020-01-01 to 2020-12-31","Chiropractic Services",COUNTY,MI,WAYNE,26,163,"168,970",146,32.55,2.81%,"4,753",146,555,11.68%,1.11%,"$1,810,880.87",No,"BLUE 5","Extreme Values (More than 21,676 Beneficiaries)","BLUE 5","Extreme Values (More than 23 Providers)","BLUE 1","Lowest 25% (Less than 34.58 Users)","BLUE 2","Second Lowest 25% (2.51% - 3.93% of Users)","BLUE 5","Extreme Values (More than 1,021 Users)","BLUE 5","Extreme Values (More than 23.49 Providers)","BLUE 5","Extreme Values (More than 112 Dual Eligible Users)","BLUE 3","Third Lowest 25% (8.36% - 12.11% of Total Users)","BLUE 1","Lowest 25% (Less than 1.45% of Total FFS Beneficiaries)","BLUE 5","Extreme Values (More than $269,844.29 )"," "," "," "," "," "," "," "," "," "," "
"2020-01-01 to 2020-12-31","Clinical Laboratory (Billing Independently)",COUNTY,MI,WAYNE,26,163,"168,970",161,292.93,27.91%,"47,162",161,"20,489",43.44%,41.10%,"$16,804,774.64",No,"BLUE 5","Extreme Values (More than 20,568 Beneficiaries)","BLUE 5","Extreme Values (More than 52 Providers)","BLUE 5","Extreme Values (More than 277.92 Users)","BLUE 2","Second Lowest 25% (20.67% - 34.89% of Users)","BLUE 5","Extreme Values (More than 7,772 Users)","BLUE 5","Extreme Values (More than 52.99 Providers)","BLUE 5","Extreme Values (More than 1,458 Dual Eligible Users)","BLUE 5","Extreme Values (More than 40.17% of Total Users)","BLUE 3","Third Lowest 25% (39.78% - 53.12% of Total FFS Beneficiaries)","BLUE 5","Extreme Values (More than $1,997,036.20 )"," "," "," "," "," "," "," "," "," "," "
"2020-01-01 to 2020-12-31",Dialysis,COUNTY,MI,WAYNE,26,163,"175,366",67,45.90,1.75%,"3,075",67,"1,713",55.71%,3.45%,"$74,438,177.19",No,"BLUE 5","Extreme Values (More than 28,658 Beneficiaries)","BLUE 5","Extreme Values (More than 5 Providers)","BLUE 3","Third Lowest 25% (35.00 - 47.66 Users)","BLUE 4","Top 25% Excl. Extreme Values (1.22% - 2.13% of Users)","BLUE 5","Extreme Values (More than 243 Users)","BLUE 5","Extreme Values (More than 5.99 Providers)","BLUE 5","Extreme Values (More than 140 Dual Eligible Users)","BLUE 4","Top 25% Excl. Extreme Values (47.73% - 70.79% of Total Users)","BLUE 3","Third Lowest 25% (2.39% - 3.52% of Total FFS Beneficiaries)","BLUE 5","Extreme Values (More than $6,002,496.40 )"," "," "," "," "," "," "," "," "," "," "
"2020-01-01 to 2020-12-31","Federally Qualified Health Center (FQHC)",COUNTY,MI,WAYNE,26,163,"175,366",35,88.91,1.77%,"3,112",35,"2,126",68.32%,4.28%,"$1,227,025.81",No,"BLUE 5","Extreme Values (More than 26,040 Beneficiaries)","BLUE 5","Extreme Values (More than 10 Providers)","BLUE 3","Third Lowest 25% (80.67 - 139.49 Users)","BLUE 2","Second Lowest 25% (1.48% - 3.58% of Users)","BLUE 5","Extreme Values (More than 1,322 Users)","BLUE 5","Extreme Values (More than 10.99 Providers)","BLUE 5","Extreme Values (More than 574 Dual Eligible Users)","BLUE 4","Top 25% Excl. Extreme Values (50.00% - 81.15% of Total Users)","BLUE 1","Lowest 25% (Less than 5.85% of Total FFS Beneficiaries)","BLUE 5","Extreme Values (More than $593,393.98 )"," "," "," "," "," "," "," "," "," "," "
"2020-01-01 to 2020-12-31","Home Health",COUNTY,MI,WAYNE,26,163,"175,366",208,86.01,10.20%,"17,891",208,"7,446",41.62%,14.98%,"$84,342,779.72",No,"BLUE 5","Extreme Values (More than 22,327 Beneficiaries)","BLUE 5","Extreme Values (More than 16 Providers)","BLUE 3","Third Lowest 25% (68.00 - 123.99 Users)","BLUE 4","Top 25% Excl. Extreme Values (8.41% - 13.65% of Users)","BLUE 5","Extreme Values (More than 1,645 Users)","BLUE 5","Extreme Values (More than 16.99 Providers)","BLUE 5","Extreme Values (More than 369 Dual Eligible Users)","BLUE 4","Top 25% Excl. Extreme Values (25.97% - 43.35% of Total Users)","BLUE 4","Top 25% Excl. Extreme Values (11.48% - 18.33% of Total FFS Beneficiaries)","BLUE 5","Extreme Values (More than $8,624,118.47 )"," "," "," "," "," "," "," "," "," "," "
"2020-01-01 to 2020-12-31",Hospice,COUNTY,MI,WAYNE,26,163,"175,366",35,105.43,2.10%,"3,690",35,"1,159",31.41%,2.33%,"$38,055,257.46",No,"BLUE 5","Extreme Values (More than 23,245 Beneficiaries)","BLUE 5","Extreme Values (More than 10 Providers)","BLUE 4","Top 25% Excl. Extreme Values (71.50 - 130.44 Users)","BLUE 2","Second Lowest 25% (1.98% - 2.44% of Users)","BLUE 5","Extreme Values (More than 584 Users)","BLUE 5","Extreme Values (More than 10.99 Providers)","BLUE 5","Extreme Values (More than 142 Dual Eligible Users)","BLUE 4","Top 25% Excl. Extreme Values (28.10% - 47.97% of Total Users)","BLUE 1","Lowest 25% (Less than 2.50% of Total FFS Beneficiaries)","BLUE 5","Extreme Values (More than $7,629,267.70 )"," "," "," "," "," "," "," "," "," "," "
"2020-01-01 to 2020-12-31","Independent Diagnostic Testing Facility Pt A",COUNTY,MI,WAYNE,26,163,"175,366",82,987.21,46.16%,"80,951",82,"24,123",29.80%,48.53%,"$188,451,378.55",No,"BLUE 5","Extreme Values (More than 21,624 Beneficiaries)","BLUE 5","Extreme Values (More than 34 Providers)","BLUE 5","Extreme Values (More than 633.92 Users)","BLUE 3","Third Lowest 25% (43.76% - 51.99% of Users)","BLUE 5","Extreme Values (More than 10,819 Users)","BLUE 5","Extreme Values (More than 34.49 Providers)","BLUE 5","Extreme Values (More than 1,829 Dual Eligible Users)","BLUE 4","Top 25% Excl. Extreme Values (20.34% - 34.69% of Total Users)","BLUE 3","Third Lowest 25% (46.49% - 54.72% of Total FFS Beneficiaries)","BLUE 5","Extreme Values (More than $25,715,917.83 )"," "," "," "," "," "," "," "," "," "," "
"2020-01-01 to 2020-12-31","Independent Diagnostic Testing Facility Pt B",COUNTY,MI,WAYNE,26,163,"168,970",47,141.49,3.94%,"6,650",47,"2,692",40.48%,5.40%,"$2,427,187.78",No,"BLUE 5","Extreme Values (More than 21,463 Beneficiaries)","BLUE 5","Extreme Values (More than 19 Providers)","BLUE 5","Extreme Values (More than 115.28 Users)","BLUE 2","Second Lowest 25% (3.27% - 4.36% of Users)","BLUE 5","Extreme Values (More than 1,082 Users)","BLUE 5","Extreme Values (More than 19.49 Providers)","BLUE 5","Extreme Values (More than 216 Dual Eligible Users)","BLUE 5","Extreme Values (More than 39.42% of Total Users)","BLUE 3","Third Lowest 25% (4.79% - 6.57% of Total FFS Beneficiaries)","BLUE 5","Extreme Values (More than $353,357.13 )"," "," "," "," "," "," "," "," "," "," "
"2020-01-01 to 2020-12-31","Long-Term Care Hospitals",COUNTY,MI,WAYNE,26,163,"175,366",7,92.14,0.37%,645,7,365,56.59%,0.73%,"$32,590,759.18",No,"BLUE 5","Extreme Values (More than 65,913 Beneficiaries)","BLUE 5","Extreme Values (More than 2 Providers)","BLUE 4","Top 25% Excl. Extreme Values (53.00 - 101.24 Users)","BLUE 3","Third Lowest 25% (0.23% - 0.42% of Users)","BLUE 5","Extreme Values (More than 119 Users)","BLUE 5","Extreme Values (More than 2.49 Providers)","BLUE 5","Extreme Values (More than 82 Dual Eligible Users)","BLUE 4","Top 25% Excl. Extreme Values (44.42% - 69.31% of Total Users)","BLUE 3","Third Lowest 25% (0.62% - 1.17% of Total FFS Beneficiaries)","BLUE 5","Extreme Values (More than $5,376,027.41 )"," "," "," "," "," "," "," "," "," "," "
"2020-01-01 to 2020-12-31",Neurology,COUNTY,MI,WAYNE,26,163,"174,915",67,52.12,2.00%,"3,492",67,"1,506",43.13%,3.01%,"$574,034.45",No,"BLUE 5","Extreme Values (More than 27,978 Beneficiaries)","BLUE 5","Extreme Values (More than 4 Providers)","BLUE 3","Third Lowest 25% (48.22 - 64.99 Users)","BLUE 4","Top 25% Excl. Extreme Values (1.25% - 2.01% of Users)","BLUE 5","Extreme Values (More than 287 Users)","BLUE 5","Extreme Values (More than 4.99 Providers)","BLUE 5","Extreme Values (More than 107 Dual Eligible Users)","BLUE 4","Top 25% Excl. Extreme Values (29.35% - 49.68% of Total Users)","BLUE 4","Top 25% Excl. Extreme Values (1.97% - 3.16% of Total FFS Beneficiaries)","BLUE 5","Extreme Values (More than $39,951.72 )"," "," "," "," "," "," "," "," "," "," "
"2020-01-01 to 2020-12-31",Ophthalmology,COUNTY,MI,WAYNE,26,163,"168,970",424,97.00,24.34%,"41,129",424,"9,916",24.11%,19.89%,"$24,379,199.93",No,"BLUE 5","Extreme Values (More than 20,593 Beneficiaries)","BLUE 5","Extreme Values (More than 83 Providers)","BLUE 4","Top 25% Excl. Extreme Values (77.29 - 135.62 Users)","BLUE 1","Lowest 25% (Less than 25.20% of Users)","BLUE 5","Extreme Values (More than 6,104 Users)","BLUE 5","Extreme Values (More than 83.49 Providers)","BLUE 5","Extreme Values (More than 726 Dual Eligible Users)","BLUE 4","Top 25% Excl. Extreme Values (16.10% - 28.56% of Total Users)","BLUE 2","Second Lowest 25% (18.07% - 21.03% of Total FFS Beneficiaries)","BLUE 5","Extreme Values (More than $3,420,797.24 )"," "," "," "," "," "," "," "," "," "," "
"2020-01-01 to 2020-12-31","Physical & Occupational Therapy",COUNTY,MI,WAYNE,26,163,"168,970",385,23.97,5.46%,"9,227",385,"2,727",29.55%,5.47%,"$10,912,467.84",No,"BLUE 5","Extreme Values (More than 21,508 Beneficiaries)","BLUE 5","Extreme Values (More than 43 Providers)","BLUE 1","Lowest 25% (Less than 28.84 Users)","BLUE 3","Third Lowest 25% (5.18% - 7.48% of Users)","BLUE 5","Extreme Values (More than 1,434 Users)","BLUE 5","Extreme Values (More than 43.49 Providers)","BLUE 5","Extreme Values (More than 211 Dual Eligible Users)","BLUE 4","Top 25% Excl. Extreme Values (17.50% - 31.10% of Total Users)","BLUE 3","Third Lowest 25% (4.37% - 6.04% of Total FFS Beneficiaries)","BLUE 5","Extreme Values (More than $1,211,248.91 )"," "," "," "," "," "," "," "," "," "," "
"2020-01-01 to 2020-12-31","Podiatry Services",COUNTY,MI,WAYNE,26,163,"172,769",293,105.87,17.95%,"31,020",293,"12,226",39.41%,24.46%,"$7,193,190.17",No,"BLUE 5","Extreme Values (More than 21,737 Beneficiaries)","BLUE 5","Extreme Values (More than 27 Providers)","BLUE 4","Top 25% Excl. Extreme Values (95.50 - 180.24 Users)","BLUE 4","Top 25% Excl. Extreme Values (11.16% - 18.29% of Users)","BLUE 5","Extreme Values (More than 2,243 Users)","BLUE 5","Extreme Values (More than 27.99 Providers)","BLUE 5","Extreme Values (More than 475 Dual Eligible Users)","BLUE 4","Top 25% Excl. Extreme Values (27.45% - 46.30% of Total Users)","BLUE 4","Top 25% Excl. Extreme Values (16.22% - 27.24% of Total FFS Beneficiaries)","BLUE 5","Extreme Values (More than $387,723.94 )"," "," "," "," "," "," "," "," "," "," "
"2020-01-01 to 2020-12-31","Preventive Health Services",COUNTY,MI,WAYNE,26,163,"168,970","1,982",46.94,55.06%,"93,040","1,982.00","28,111",30.21%,56.38%,"$14,954,382.39",No,"BLUE 5","Extreme Values (More than 20,570 Beneficiaries)","BLUE 5","Extreme Values (More than 233 Providers)","BLUE 3","Third Lowest 25% (45.70 - 58.89 Users)","BLUE 2","Second Lowest 25% (49.31% - 57.57% of Users)","BLUE 5","Extreme Values (More than 12,527 Users)","BLUE 5","Extreme Values (More than 233.49 Providers)","BLUE 5","Extreme Values (More than 1,780 Dual Eligible Users)","BLUE 4","Top 25% Excl. Extreme Values (18.54% - 32.38% of Total Users)","BLUE 3","Third Lowest 25% (50.94% - 58.27% of Total FFS Beneficiaries)","BLUE 5","Extreme Values (More than $2,009,684.88 )"," "," "," "," "," "," "," "," "," "," "
"2020-01-01 to 2020-12-31",Psychotherapy,COUNTY,MI,WAYNE,26,163,"168,970",443,33.09,8.68%,"14,661",443,"8,241",56.21%,16.53%,"$10,063,970.05",No,"BLUE 5","Extreme Values (More than 21,936 Beneficiaries)","BLUE 5","Extreme Values (More than 28 Providers)","BLUE 1","Lowest 25% (Less than 34.72 Users)","BLUE 5","Extreme Values (More than 8.16% of Users)","BLUE 5","Extreme Values (More than 1,026 Users)","BLUE 5","Extreme Values (More than 28.49 Providers)","BLUE 5","Extreme Values (More than 409 Dual Eligible Users)","BLUE 4","Top 25% Excl. Extreme Values (47.37% - 72.56% of Total Users)","BLUE 4","Top 25% Excl. Extreme Values (13.30% - 22.67% of Total FFS Beneficiaries)","BLUE 5","Extreme Values (More than $521,436.84 )"," "," "," "," "," "," "," "," "," "," "
"2020-01-01 to 2020-12-31",Pulmonology,COUNTY,MI,WAYNE,26,163,"170,629",991,32.72,19.00%,"32,426",991,"10,662",32.88%,21.33%,"$5,171,126.67",No,"BLUE 5","Extreme Values (More than 20,917 Beneficiaries)","BLUE 5","Extreme Values (More than 102 Providers)","BLUE 1","Lowest 25% (Less than 38.79 Users)","BLUE 3","Third Lowest 25% (17.59% - 20.08% of Users)","BLUE 5","Extreme Values (More than 3,979 Users)","BLUE 5","Extreme Values (More than 102.99 Providers)","BLUE 5","Extreme Values (More than 693 Dual Eligible Users)","BLUE 4","Top 25% Excl. Extreme Values (21.54% - 36.29% of Total Users)","BLUE 4","Top 25% Excl. Extreme Values (21.30% - 29.62% of Total FFS Beneficiaries)","BLUE 5","Extreme Values (More than $611,944.90 )"," "," "," "," "," "," "," "," "," "," "
"2020-01-01 to 2020-12-31","Skilled Nursing Facility",COUNTY,MI,WAYNE,26,163,"175,366",110,66.65,4.18%,"7,332",110,"3,538",48.25%,7.12%,"$115,981,376.59",No,"BLUE 5","Extreme Values (More than 23,216 Beneficiaries)","BLUE 5","Extreme Values (More than 15 Providers)","BLUE 4","Top 25% Excl. Extreme Values (66.00 - 105.74 Users)","BLUE 4","Top 25% Excl. Extreme Values (4.13% - 6.30% of Users)","BLUE 5","Extreme Values (More than 801 Users)","BLUE 5","Extreme Values (More than 15.99 Providers)","BLUE 5","Extreme Values (More than 253 Dual Eligible Users)","BLUE 4","Top 25% Excl. Extreme Values (39.73% - 64.88% of Total Users)","BLUE 3","Third Lowest 25% (6.72% - 8.83% of Total FFS Beneficiaries)","BLUE 5","Extreme Values (More than $13,566,993.90 )"," "," "," "," "," "," "," "," "," "," "
"2020-01-01 to 2020-12-31",Telemedicine,COUNTY,MI,WAYNE,26,163,"168,970",663,40.54,15.91%,"26,881",663,"11,396",42.39%,22.86%,"$4,580,751.46",No,"BLUE 5","Extreme Values (More than 20,930 Beneficiaries)","BLUE 5","Extreme Values (More than 33 Providers)","BLUE 1","Lowest 25% (Less than 41.96 Users)","BLUE 5","Extreme Values (More than 15.75% of Users)","BLUE 5","Extreme Values (More than 1,631 Users)","BLUE 5","Extreme Values (More than 33.49 Providers)","BLUE 5","Extreme Values (More than 494 Dual Eligible Users)","BLUE 4","Top 25% Excl. Extreme Values (37.54% - 61.49% of Total Users)","BLUE 4","Top 25% Excl. Extreme Values (16.45% - 26.81% of Total FFS Beneficiaries)","BLUE 5","Extreme Values (More than $236,233.78 )"," "," "," "," "," "," "," "," "," "," "
"2020-04-01 to 2021-03-31","Ambulance (Emergency & Non-Emergency)",COUNTY,MI,WAYNE,26,163,"179,991",71,299.46,11.81%,"21,262",71,"9,524",44.79%,20.10%,"$19,934,204.76",No,"BLUE 5","Extreme Values (More than 22,957 Beneficiaries)","BLUE 5","Extreme Values (More than 20 Providers)","BLUE 5","Extreme Values (More than 266.84 Users)","BLUE 3","Third Lowest 25% (10.86% - 12.51% of Users)","BLUE 5","Extreme Values (More than 2,545 Users)","BLUE 5","Extreme Values (More than 20.49 Providers)","BLUE 5","Extreme Values (More than 710 Dual Eligible Users)","BLUE 4","Top 25% Excl. Extreme Values (32.20% - 51.45% of Total Users)","BLUE 3","Third Lowest 25% (19.87% - 22.50% of Total FFS Beneficiaries)","BLUE 5","Extreme Values (More than $2,417,887.53 )"," "," "," "," "," "," "," "," "," "," "
"2020-04-01 to 2021-03-31","Ambulance (Emergency)",COUNTY,MI,WAYNE,26,163,"179,991",64,290.00,10.31%,"18,560",64,"8,401",45.26%,17.73%,"$12,309,949.09",No,"BLUE 5","Extreme Values (More than 23,128 Beneficiaries)","BLUE 5","Extreme Values (More than 14 Providers)","BLUE 4","Top 25% Excl. Extreme Values (177.67 - 350.79 Users)","BLUE 3","Third Lowest 25% (9.72% - 11.27% of Users)","BLUE 5","Extreme Values (More than 2,298 Users)","BLUE 5","Extreme Values (More than 14.49 Providers)","BLUE 5","Extreme Values (More than 648 Dual Eligible Users)","BLUE 4","Top 25% Excl. Extreme Values (32.85% - 52.35% of Total Users)","BLUE 2","Second Lowest 25% (15.28% - 18.21% of Total FFS Beneficiaries)","BLUE 5","Extreme Values (More than $1,663,123.52 )"," "," "," "," "," "," "," "," "," "," "
"2020-04-01 to 2021-03-31","Ambulance (Non-Emergency)",COUNTY,MI,WAYNE,26,163,"179,991",71,143.03,5.64%,"10,155",71,"4,935",48.60%,10.41%,"$7,529,169.14",No,"BLUE 5","Extreme Values (More than 24,398 Beneficiaries)","BLUE 5","Extreme Values (More than 22 Providers)","BLUE 5","Extreme Values (More than 93.78 Users)","BLUE 4","Top 25% Excl. Extreme Values (5.07% - 9.20% of Users)","BLUE 5","Extreme Values (More than 931 Users)","BLUE 5","Extreme Values (More than 22.99 Providers)","BLUE 5","Extreme Values (More than 293 Dual Eligible Users)","BLUE 4","Top 25% Excl. Extreme Values (36.24% - 58.22% of Total Users)","BLUE 4","Top 25% Excl. Extreme Values (10.14% - 17.03% of Total FFS Beneficiaries","BLUE 5","Extreme Values (More than $738,893.51 )"," "," "," "," "," "," "," "," "," "," "
"2020-04-01 to 2021-03-31","Cardiac Rehabilitation Program",COUNTY,MI,WAYNE,26,163,"180,552",12,43.67,0.29%,524,12,91,17.37%,0.19%,"$2,250,717.15",No,"BLUE 5","Extreme Values (More than 36,651 Beneficiaries)","BLUE 5","Extreme Values (More than 3 Providers)","BLUE 3","Third Lowest 25% (31.00 - 48.66 Users)","BLUE 1","Lowest 25% (Less than 0.32% of Users)","BLUE 5","Extreme Values (More than 147 Users)","BLUE 5","Extreme Values (More than 3.49 Providers)","BLUE 5","Extreme Values (More than 47 Dual Eligible Users)","BLUE 4","Top 25% Excl. Extreme Values (16.48% - 30.62% of Total Users)","BLUE 1","Lowest 25% (Less than 0.20% of Total FFS Beneficiaries)","BLUE 5","Extreme Values (More than $1,230,597.37 )"," "," "," "," "," "," "," "," "," "," "
"2020-04-01 to 2021-03-31","Chiropractic Services",COUNTY,MI,WAYNE,26,163,"179,991",150,32.53,2.71%,"4,880",150,532,10.90%,1.12%,"$1,900,850.80",No,"BLUE 5","Extreme Values (More than 23,681 Beneficiaries)","BLUE 5","Extreme Values (More than 24 Providers)","BLUE 1","Lowest 25% (Less than 35.25 Users)","BLUE 2","Second Lowest 25% (2.42% - 3.80% of Users)","BLUE 5","Extreme Values (More than 1,095 Users)","BLUE 5","Extreme Values (More than 24.49 Providers)","BLUE 5","Extreme Values (More than 107 Dual Eligible Users)","BLUE 3","Third Lowest 25% (7.60% - 10.91% of Total Users)","BLUE 1","Lowest 25% (Less than 1.43% of Total FFS Beneficiaries)","BLUE 5","Extreme Values (More than $285,568.36 )"," "," "," "," "," "," "," "," "," "," "
"2020-04-01 to 2021-03-31","Clinical Laboratory (Billing Independently)",COUNTY,MI,WAYNE,26,163,"179,991",163,288.72,26.15%,"47,062",163,"19,056",40.49%,40.21%,"$19,118,524.35",No,"BLUE 5","Extreme Values (More than 22,853 Beneficiaries)","BLUE 5","Extreme Values (More than 55 Providers)","BLUE 4","Top 25% Excl. Extreme Values (151.06 - 289.73 Users)","BLUE 2","Second Lowest 25% (19.71% - 33.53% of Users)","BLUE 5","Extreme Values (More than 8,264 Users)","BLUE 5","Extreme Values (More than 55.49 Providers)","BLUE 5","Extreme Values (More than 1,399 Dual Eligible Users)","BLUE 5","Extreme Values (More than 36.44% of Total Users)","BLUE 3","Third Lowest 25% (39.18% - 52.21% of Total FFS Beneficiaries)","BLUE 5","Extreme Values (More than $2,205,695.21 )"," "," "," "," "," "," "," "," "," "," "
"2020-04-01 to 2021-03-31",Dialysis,COUNTY,MI,WAYNE,26,163,"180,552",67,44.33,1.64%,"2,970",67,"1,631",54.92%,3.44%,"$71,625,121.88",No,"BLUE 5","Extreme Values (More than 30,263 Beneficiaries)","BLUE 5","Extreme Values (More than 5 Providers)","BLUE 3","Third Lowest 25% (35.00 - 46.85 Users)","BLUE 4","Top 25% Excl. Extreme Values (1.14% - 1.97% of Users)","BLUE 5","Extreme Values (More than 243 Users)","BLUE 5","Extreme Values (More than 5.99 Providers)","BLUE 5","Extreme Values (More than 141 Dual Eligible Users)","BLUE 4","Top 25% Excl. Extreme Values (47.30% - 70.38% of Total Users)","BLUE 3","Third Lowest 25% (2.40% - 3.61% of Total FFS Beneficiaries)","BLUE 5","Extreme Values (More than $5,829,104.38 )"," "," "," "," "," "," "," "," "," "," "
"2020-04-01 to 2021-03-31","Federally Qualified Health Center (FQHC)",COUNTY,MI,WAYNE,26,163,"180,552",35,84.94,1.65%,"2,973",35,"1,989",66.90%,4.20%,"$1,183,576.51",No,"BLUE 5","Extreme Values (More than 27,177 Beneficiaries)","BLUE 5","Extreme Values (More than 10 Providers)","BLUE 3","Third Lowest 25% (81.00 - 140.19 Users)","BLUE 2","Second Lowest 25% (1.43% - 3.43% of Users)","BLUE 5","Extreme Values (More than 1,338 Users)","BLUE 5","Extreme Values (More than 10.99 Providers)","BLUE 5","Extreme Values (More than 568 Dual Eligible Users)","BLUE 4","Top 25% Excl. Extreme Values (47.68% - 78.11% of Total Users)","BLUE 1","Lowest 25% (Less than 5.79% of Total FFS Beneficiaries)","BLUE 5","Extreme Values (More than $595,311.26 )"," "," "," "," "," "," "," "," "," "," "
"2020-04-01 to 2021-03-31","Home Health",COUNTY,MI,WAYNE,26,163,"180,552",205,86.85,9.86%,"17,804",205,"7,126",40.02%,15.05%,"$87,274,835.26",No,"BLUE 5","Extreme Values (More than 23,443 Beneficiaries)","BLUE 5","Extreme Values (More than 16 Providers)","BLUE 3","Third Lowest 25% (70.31 - 126.99 Users)","BLUE 4","Top 25% Excl. Extreme Values (8.39% - 13.53% of Users)","BLUE 5","Extreme Values (More than 1,713 Users)","BLUE 5","Extreme Values (More than 16.99 Providers)","BLUE 5","Extreme Values (More than 369 Dual Eligible Users)","BLUE 4","Top 25% Excl. Extreme Values (24.68% - 41.26% of Total Users)","BLUE 4","Top 25% Excl. Extreme Values (11.84% - 18.89% of Total FFS Beneficiaries)","BLUE 5","Extreme Values (More than $9,124,667.38 )"," "," "," "," "," "," "," "," "," "," "
"2020-04-01 to 2021-03-31",Hospice,COUNTY,MI,WAYNE,26,163,"180,552",34,106.26,2.00%,"3,613",34,"1,032",28.56%,2.18%,"$37,902,437.11",No,"BLUE 5","Extreme Values (More than 24,473 Beneficiaries)","BLUE 5","Extreme Values (More than 10 Providers)","BLUE 4","Top 25% Excl. Extreme Values (72.50 - 131.74 Users)","BLUE 2","Second Lowest 25% (1.93% - 2.40% of Users)","BLUE 5","Extreme Values (More than 604 Users)","BLUE 5","Extreme Values (More than 10.99 Providers)","BLUE 5","Extreme Values (More than 141 Dual Eligible Users)","BLUE 4","Top 25% Excl. Extreme Values (26.83% - 46.01% of Total Users)","BLUE 1","Lowest 25% (Less than 2.53% of Total FFS Beneficiaries)","BLUE 5","Extreme Values (More than $7,710,299.77 )"," "," "," "," "," "," "," "," "," "," "
"2020-04-01 to 2021-03-31","Independent Diagnostic Testing Facility Pt A",COUNTY,MI,WAYNE,26,163,"180,552",78,"1,027.04",44.37%,"80,109",78,"22,398",27.96%,47.30%,"$191,458,995.75",No,"BLUE 5","Extreme Values (More than 22,918 Beneficiaries)","BLUE 5","Extreme Values (More than 34 Providers)","BLUE 5","Extreme Values (More than 650.32 Users)","BLUE 3","Third Lowest 25% (42.20% - 50.42% of Users)","BLUE 5","Extreme Values (More than 11,051 Users)","BLUE 5","Extreme Values (More than 34.49 Providers)","BLUE 5","Extreme Values (More than 1,741 Dual Eligible Users)","BLUE 4","Top 25% Excl. Extreme Values (18.94% - 32.21% of Total Users)","BLUE 3","Third Lowest 25% (45.21% - 53.20% of Total FFS Beneficiaries)","BLUE 5","Extreme Values (More than $26,725,920.87 )"," "," "," "," "," "," "," "," "," "," "
"2020-04-01 to 2021-03-31","Independent Diagnostic Testing Facility Pt B",COUNTY,MI,WAYNE,26,163,"179,991",45,149.49,3.74%,"6,727",45,"2,515",37.39%,5.31%,"$2,461,546.87",No,"BLUE 5","Extreme Values (More than 23,651 Beneficiaries)","BLUE 5","Extreme Values (More than 21 Providers)","BLUE 5","Extreme Values (More than 119.74 Users)","BLUE 2","Second Lowest 25% (3.19% - 4.26% of Users)","BLUE 5","Extreme Values (More than 1,199 Users)","BLUE 5","Extreme Values (More than 21.99 Providers)","BLUE 5","Extreme Values (More than 212 Dual Eligible Users)","BLUE 5","Extreme Values (More than 36.40% of Total Users)","BLUE 3","Third Lowest 25% (4.81% - 6.59% of Total FFS Beneficiaries)","BLUE 5","Extreme Values (More than $371,761.39 )"," "," "," "," "," "," "," "," "," "," "
"2020-04-01 to 2021-03-31","Long-Term Care Hospitals",COUNTY,MI,WAYNE,26,163,"180,552",7,88.29,0.34%,618,7,338,54.69%,0.71%,"$32,765,720.89",No,"BLUE 5","Extreme Values (More than 70,336 Beneficiaries)","BLUE 5","Extreme Values (More than 2 Providers)","BLUE 4","Top 25% Excl. Extreme Values (50.00 - 92.74 Users)","BLUE 3","Third Lowest 25% (0.21% - 0.40% of Users)","BLUE 5","Extreme Values (More than 114 Users)","BLUE 5","Extreme Values (More than 2.49 Providers)","BLUE 5","Extreme Values (More than 84 Dual Eligible Users)","BLUE 4","Top 25% Excl. Extreme Values (42.86% - 67.23% of Total Users)","BLUE 3","Third Lowest 25% (0.58% - 1.22% of Total FFS Beneficiaries)","BLUE 5","Extreme Values (More than $5,247,709.82 )"," "," "," "," "," "," "," "," "," "," "
"2020-04-01 to 2021-03-31",Neurology,COUNTY,MI,WAYNE,26,163,"181,193",68,48.10,1.81%,"3,271",68,"1,335",40.81%,2.80%,"$577,354.69",No,"BLUE 5","Extreme Values (More than 29,744 Beneficiaries)","BLUE 5","Extreme Values (More than 4 Providers)","BLUE 2","Second Lowest 25% (37.62 - 48.24 Users)","BLUE 4","Top 25% Excl. Extreme Values (1.19% - 1.93% of Users)","BLUE 5","Extreme Values (More than 292 Users)","BLUE 5","Extreme Values (More than 4.99 Providers)","BLUE 5","Extreme Values (More than 103 Dual Eligible Users)","BLUE 4","Top 25% Excl. Extreme Values (28.00% - 47.94% of Total Users)","BLUE 4","Top 25% Excl. Extreme Values (1.98% - 3.23% of Total FFS Beneficiaries)","BLUE 5","Extreme Values (More than $41,033.63 )"," "," "," "," "," "," "," "," "," "," "
"2020-04-01 to 2021-03-31",Ophthalmology,COUNTY,MI,WAYNE,26,163,"179,991",424,101.52,23.91%,"43,043",424,"9,573",22.24%,20.20%,"$26,382,159.37",No,"BLUE 5","Extreme Values (More than 22,860 Beneficiaries)","BLUE 5","Extreme Values (More than 86 Providers)","BLUE 4","Top 25% Excl. Extreme Values (80.93 - 143.82 Users)","BLUE 1","Lowest 25% (Less than 25.06% of Users)","BLUE 5","Extreme Values (More than 6,658 Users)","BLUE 5","Extreme Values (More than 86.99 Providers)","BLUE 5","Extreme Values (More than 715 Dual Eligible Users)","BLUE 4","Top 25% Excl. Extreme Values (14.22% - 25.19% of Total Users)","BLUE 2","Second Lowest 25% (18.09% - 20.98% of Total FFS Beneficiaries)","BLUE 5","Extreme Values (More than $3,822,425.73 )"," "," "," "," "," "," "," "," "," "," "
"2020-04-01 to 2021-03-31","Physical & Occupational Therapy",COUNTY,MI,WAYNE,26,163,"179,991",359,24.59,4.91%,"8,829",359,"2,433",27.56%,5.13%,"$11,257,842.14",No,"BLUE 5","Extreme Values (More than 23,659 Beneficiaries)","BLUE 5","Extreme Values (More than 43 Providers)","BLUE 1","Lowest 25% (Less than 28.95 Users)","BLUE 3","Third Lowest 25% (4.84% - 6.92% of Users)","BLUE 5","Extreme Values (More than 1,471 Users)","BLUE 5","Extreme Values (More than 43.49 Providers)","BLUE 5","Extreme Values (More than 203 Dual Eligible Users)","BLUE 4","Top 25% Excl. Extreme Values (16.09% - 28.86% of Total Users)","BLUE 3","Third Lowest 25% (4.24% - 5.74% of Total FFS Beneficiaries)","BLUE 5","Extreme Values (More than $1,304,097.65 )"," "," "," "," "," "," "," "," "," "," "
"2020-04-01 to 2021-03-31","Podiatry Services",COUNTY,MI,WAYNE,26,163,"180,904",275,109.58,16.66%,"30,135",275,"11,101",36.84%,23.30%,"$7,358,874.15",No,"BLUE 5","Extreme Values (More than 23,431 Beneficiaries)","BLUE 5","Extreme Values (More than 27 Providers)","BLUE 4","Top 25% Excl. Extreme Values (96.91 - 183.36 Users)","BLUE 4","Top 25% Excl. Extreme Values (10.66% - 17.55% of Users)","BLUE 5","Extreme Values (More than 2,314 Users)","BLUE 5","Extreme Values (More than 27.99 Providers)","BLUE 5","Extreme Values (More than 451 Dual Eligible Users)","BLUE 4","Top 25% Excl. Extreme Values (25.18% - 42.59% of Total Users)","BLUE 4","Top 25% Excl. Extreme Values (15.60% - 26.21% of Total FFS Beneficiaries)","BLUE 5","Extreme Values (More than $418,184.81 )"," "," "," "," "," "," "," "," "," "," "
"2020-04-01 to 2021-03-31","Preventive Health Services",COUNTY,MI,WAYNE,26,163,"179,991","1,993",48.32,53.50%,"96,300","1,993.00","27,071",28.11%,57.12%,"$15,739,905.88",No,"BLUE 5","Extreme Values (More than 22,865 Beneficiaries)","BLUE 5","Extreme Values (More than 241 Providers)","BLUE 3","Third Lowest 25% (47.31 - 61.28 Users)","BLUE 2","Second Lowest 25% (47.76% - 56.09% of Users)","BLUE 5","Extreme Values (More than 13,497 Users)","BLUE 5","Extreme Values (More than 241.99 Providers)","BLUE 5","Extreme Values (More than 1,737 Dual Eligible Users)","BLUE 4","Top 25% Excl. Extreme Values (16.69% - 29.13% of Total Users)","BLUE 3","Third Lowest 25% (51.03% - 58.00% of Total FFS Beneficiaries)","BLUE 5","Extreme Values (More than $2,151,974.57 )"," "," "," "," "," "," "," "," "," "," "
"2020-04-01 to 2021-03-31",Psychotherapy,COUNTY,MI,WAYNE,26,163,"179,991",424,32.80,7.73%,"13,906",424,"7,486",53.83%,15.80%,"$10,125,226.25",No,"BLUE 5","Extreme Values (More than 24,299 Beneficiaries)","BLUE 5","Extreme Values (More than 27 Providers)","BLUE 1","Lowest 25% (Less than 35.00 Users)","BLUE 5","Extreme Values (More than 7.31% of Users)","BLUE 5","Extreme Values (More than 1,026 Users)","BLUE 5","Extreme Values (More than 27.49 Providers)","BLUE 5","Extreme Values (More than 395 Dual Eligible Users)","BLUE 4","Top 25% Excl. Extreme Values (45.59% - 70.93% of Total Users)","BLUE 4","Top 25% Excl. Extreme Values (12.97% - 22.16% of Total FFS Beneficiaries)","BLUE 5","Extreme Values (More than $541,407.26 )"," "," "," "," "," "," "," "," "," "," "
"2020-04-01 to 2021-03-31",Pulmonology,COUNTY,MI,WAYNE,26,163,"180,431",996,32.82,18.12%,"32,693",996,"10,110",30.92%,21.23%,"$5,337,770.34",No,"BLUE 5","Extreme Values (More than 22,912 Beneficiaries)","BLUE 5","Extreme Values (More than 107 Providers)","BLUE 1","Lowest 25% (Less than 39.13 Users)","BLUE 3","Third Lowest 25% (17.15% - 19.56% of Users)","BLUE 5","Extreme Values (More than 4,190 Users)","BLUE 5","Extreme Values (More than 107.99 Providers)","BLUE 5","Extreme Values (More than 672 Dual Eligible Users)","BLUE 4","Top 25% Excl. Extreme Values (19.54% - 32.96% of Total Users)","BLUE 4","Top 25% Excl. Extreme Values (21.13% - 29.24% of Total FFS Beneficiaries)","BLUE 5","Extreme Values (More than $658,127.00 )"," "," "," "," "," "," "," "," "," "," "
"2020-04-01 to 2021-03-31","Skilled Nursing Facility",COUNTY,MI,WAYNE,26,163,"180,552",113,58.77,3.68%,"6,641",113,"3,171",47.75%,6.70%,"$108,890,092.34",No,"BLUE 5","Extreme Values (More than 24,471 Beneficiaries)","BLUE 5","Extreme Values (More than 15 Providers)","BLUE 3","Third Lowest 25% (50.44 - 65.49 Users)","BLUE 3","Third Lowest 25% (3.19% - 3.94% of Users)","BLUE 5","Extreme Values (More than 794 Users)","BLUE 5","Extreme Values (More than 15.99 Providers)","BLUE 5","Extreme Values (More than 252 Dual Eligible Users)","BLUE 4","Top 25% Excl. Extreme Values (39.26% - 63.69% of Total Users)","BLUE 2","Second Lowest 25% (5.08% - 6.86% of Total FFS Beneficiaries)","BLUE 5","Extreme Values (More than $13,948,723.34 )"," "," "," "," "," "," "," "," "," "," "
"2020-04-01 to 2021-03-31",Telemedicine,COUNTY,MI,WAYNE,26,163,"179,991",666,39.97,14.79%,"26,617",666,"10,745",40.37%,22.67%,"$5,340,474.87",No,"BLUE 5","Extreme Values (More than 23,081 Beneficiaries)","BLUE 5","Extreme Values (More than 35 Providers)","BLUE 1","Lowest 25% (Less than 41.66 Users)","BLUE 5","Extreme Values (More than 14.74% of Users)","BLUE 5","Extreme Values (More than 1,657 Users)","BLUE 5","Extreme Values (More than 35.99 Providers)","BLUE 5","Extreme Values (More than 486 Dual Eligible Users)","BLUE 4","Top 25% Excl. Extreme Values (35.97% - 59.09% of Total Users)","BLUE 4","Top 25% Excl. Extreme Values (16.56% - 27.10% of Total FFS Beneficiaries)","BLUE 5","Extreme Values (More than $275,300.29 )"," "," "," "," "," "," "," "," "," "," "
"2020-07-01 to 2021-06-30","Ambulance (Emergency & Non-Emergency)",COUNTY,MI,WAYNE,26,163,"179,091",67,322.15,12.05%,"21,584",67,"9,502",44.02%,20.43%,"$19,972,368.31",No,"BLUE 5","Extreme Values (More than 22,992 Beneficiaries)","BLUE 5","Extreme Values (More than 20 Providers)","BLUE 5","Extreme Values (More than 264.92 Users)","BLUE 3","Third Lowest 25% (11.14% - 12.79% of Users)","BLUE 5","Extreme Values (More than 2,614 Users)","BLUE 5","Extreme Values (More than 20.49 Providers)","BLUE 5","Extreme Values (More than 703 Dual Eligible Users)","BLUE 4","Top 25% Excl. Extreme Values (31.62% - 50.63% of Total Users)","BLUE 3","Third Lowest 25% (20.22% - 22.89% of Total FFS Beneficiaries)","BLUE 5","Extreme Values (More than $2,470,897.64 )"," "," "," "," "," "," "," "," "," "," "
"2020-07-01 to 2021-06-30","Ambulance (Emergency)",COUNTY,MI,WAYNE,26,163,"179,091",61,308.31,10.50%,"18,807",61,"8,372",44.52%,18.00%,"$12,639,253.41",No,"BLUE 5","Extreme Values (More than 23,047 Beneficiaries)","BLUE 5","Extreme Values (More than 14 Providers)","BLUE 4","Top 25% Excl. Extreme Values (178.67 - 352.47 Users)","BLUE 3","Third Lowest 25% (9.95% - 11.49% of Users)","BLUE 5","Extreme Values (More than 2,369 Users)","BLUE 5","Extreme Values (More than 14.49 Providers)","BLUE 5","Extreme Values (More than 653 Dual Eligible Users)","BLUE 4","Top 25% Excl. Extreme Values (32.27% - 51.43% of Total Users)","BLUE 2","Second Lowest 25% (15.45% - 18.49% of Total FFS Beneficiaries)","BLUE 5","Extreme Values (More than $1,706,136.37 )"," "," "," "," "," "," "," "," "," "," "
"2020-07-01 to 2021-06-30","Ambulance (Non-Emergency)",COUNTY,MI,WAYNE,26,163,"179,091",67,152.13,5.69%,"10,193",67,"4,815",47.24%,10.35%,"$7,236,080.13",No,"BLUE 5","Extreme Values (More than 24,391 Beneficiaries)","BLUE 5","Extreme Values (More than 22 Providers)","BLUE 5","Extreme Values (More than 92.24 Users)","BLUE 4","Top 25% Excl. Extreme Values (5.14% - 9.23% of Users)","BLUE 5","Extreme Values (More than 964 Users)","BLUE 5","Extreme Values (More than 22.99 Providers)","BLUE 5","Extreme Values (More than 298 Dual Eligible Users)","BLUE 4","Top 25% Excl. Extreme Values (35.25% - 56.66% of Total Users)","BLUE 4","Top 25% Excl. Extreme Values (10.30% - 17.24% of Total FFS Beneficiaries","BLUE 5","Extreme Values (More than $761,469.57 )"," "," "," "," "," "," "," "," "," "," "
"2020-07-01 to 2021-06-30","Cardiac Rehabilitation Program",COUNTY,MI,WAYNE,26,163,"179,662",13,51.77,0.37%,673,13,109,16.20%,0.23%,"$3,080,865.50",No,"BLUE 5","Extreme Values (More than 35,454 Beneficiaries)","BLUE 5","Extreme Values (More than 3 Providers)","BLUE 3","Third Lowest 25% (32.29 - 52.99 Users)","BLUE 2","Second Lowest 25% (0.37% - 0.53% of Users)","BLUE 5","Extreme Values (More than 167 Users)","BLUE 5","Extreme Values (More than 3.49 Providers)","BLUE 5","Extreme Values (More than 50 Dual Eligible Users)","BLUE 4","Top 25% Excl. Extreme Values (15.12% - 27.62% of Total Users)","BLUE 2","Second Lowest 25% (0.22% - 0.40% of Total FFS Beneficiaries)","BLUE 5","Extreme Values (More than $1,283,981.20 )"," "," "," "," "," "," "," "," "," "," "
"2020-07-01 to 2021-06-30","Chiropractic Services",COUNTY,MI,WAYNE,26,163,"179,091",163,32.70,2.98%,"5,330",163,598,11.22%,1.29%,"$2,109,170.44",No,"BLUE 5","Extreme Values (More than 23,758 Beneficiaries)","BLUE 5","Extreme Values (More than 24 Providers)","BLUE 1","Lowest 25% (Less than 36.00 Users)","BLUE 2","Second Lowest 25% (2.59% - 4.10% of Users)","BLUE 5","Extreme Values (More than 1,172 Users)","BLUE 5","Extreme Values (More than 24.49 Providers)","BLUE 5","Extreme Values (More than 114 Dual Eligible Users)","BLUE 4","Top 25% Excl. Extreme Values (10.66% - 19.32% of Total Users","BLUE 1","Lowest 25% (Less than 1.52% of Total FFS Beneficiaries)","BLUE 5","Extreme Values (More than $305,459.07 )"," "," "," "," "," "," "," "," "," "," "
"2020-07-01 to 2021-06-30","Clinical Laboratory (Billing Independently)",COUNTY,MI,WAYNE,26,163,"179,091",163,296.56,26.99%,"48,340",163,"19,452",40.24%,41.82%,"$21,592,149.89",No,"BLUE 5","Extreme Values (More than 22,904 Beneficiaries)","BLUE 5","Extreme Values (More than 55 Providers)","BLUE 5","Extreme Values (More than 291.87 Users)","BLUE 2","Second Lowest 25% (20.50% - 34.54% of Users)","BLUE 5","Extreme Values (More than 8,444 Users)","BLUE 5","Extreme Values (More than 55.49 Providers)","BLUE 5","Extreme Values (More than 1,394 Dual Eligible Users)","BLUE 5","Extreme Values (More than 35.58% of Total Users)","BLUE 3","Third Lowest 25% (40.00% - 53.18% of Total FFS Beneficiaries)","BLUE 5","Extreme Values (More than $2,347,451.86 )"," "," "," "," "," "," "," "," "," "," "
"2020-07-01 to 2021-06-30",Dialysis,COUNTY,MI,WAYNE,26,163,"179,662",67,44.15,1.65%,"2,958",67,"1,618",54.70%,3.48%,"$69,210,852.69",No,"BLUE 5","Extreme Values (More than 30,385 Beneficiaries)","BLUE 5","Extreme Values (More than 5 Providers)","BLUE 3","Third Lowest 25% (35.00 - 45.99 Users)","BLUE 4","Top 25% Excl. Extreme Values (1.14% - 1.97% of Users)","BLUE 5","Extreme Values (More than 238 Users)","BLUE 5","Extreme Values (More than 5.99 Providers)","BLUE 5","Extreme Values (More than 137 Dual Eligible Users)","BLUE 4","Top 25% Excl. Extreme Values (47.37% - 71.65% of Total Users)","BLUE 3","Third Lowest 25% (2.41% - 3.59% of Total FFS Beneficiaries)","BLUE 5","Extreme Values (More than $5,489,230.21 )"," "," "," "," "," "," "," "," "," "," "
"2020-07-01 to 2021-06-30","Federally Qualified Health Center (FQHC)",COUNTY,MI,WAYNE,26,163,"179,662",34,85.53,1.62%,"2,908",34,"1,925",66.20%,4.14%,"$1,183,103.90",No,"BLUE 5","Extreme Values (More than 27,274 Beneficiaries)","BLUE 5","Extreme Values (More than 10 Providers)","BLUE 3","Third Lowest 25% (80.60 - 139.49 Users)","BLUE 2","Second Lowest 25% (1.44% - 3.45% of Users)","BLUE 5","Extreme Values (More than 1,368 Users)","BLUE 5","Extreme Values (More than 10.99 Providers)","BLUE 5","Extreme Values (More than 566 Dual Eligible Users)","BLUE 4","Top 25% Excl. Extreme Values (47.21% - 77.47% of Total Users)","BLUE 1","Lowest 25% (Less than 5.93% of Total FFS Beneficiaries)","BLUE 5","Extreme Values (More than $616,960.37 )"," "," "," "," "," "," "," "," "," "," "
"2020-07-01 to 2021-06-30","Home Health",COUNTY,MI,WAYNE,26,163,"179,662",211,87.04,10.22%,"18,366",211,"7,316",39.83%,15.74%,"$89,729,555.31",No,"BLUE 5","Extreme Values (More than 23,455 Beneficiaries)","BLUE 5","Extreme Values (More than 16 Providers)","BLUE 3","Third Lowest 25% (71.00 - 130.56 Users)","BLUE 4","Top 25% Excl. Extreme Values (8.58% - 13.79% of Users)","BLUE 5","Extreme Values (More than 1,763 Users)","BLUE 5","Extreme Values (More than 16.99 Providers)","BLUE 5","Extreme Values (More than 364 Dual Eligible Users)","BLUE 4","Top 25% Excl. Extreme Values (24.10% - 40.44% of Total Users)","BLUE 4","Top 25% Excl. Extreme Values (12.01% - 19.02% of Total FFS Beneficiaries)","BLUE 5","Extreme Values (More than $9,277,715.51 )"," "," "," "," "," "," "," "," "," "," "
"2020-07-01 to 2021-06-30",Hospice,COUNTY,MI,WAYNE,26,163,"179,662",35,107.46,2.09%,"3,761",35,"1,045",27.79%,2.25%,"$39,479,675.63",No,"BLUE 5","Extreme Values (More than 24,414 Beneficiaries)","BLUE 5","Extreme Values (More than 10 Providers)","BLUE 4","Top 25% Excl. Extreme Values (73.00 - 132.50 Users)","BLUE 2","Second Lowest 25% (2.00% - 2.47% of Users)","BLUE 5","Extreme Values (More than 616 Users)","BLUE 5","Extreme Values (More than 10.99 Providers)","BLUE 5","Extreme Values (More than 136 Dual Eligible Users)","BLUE 4","Top 25% Excl. Extreme Values (25.58% - 43.54% of Total Users)","BLUE 1","Lowest 25% (Less than 2.57% of Total FFS Beneficiaries)","BLUE 5","Extreme Values (More than $7,661,727.54 )"," "," "," "," "," "," "," "," "," "," "
"2020-07-01 to 2021-06-30","Independent Diagnostic Testing Facility Pt A",COUNTY,MI,WAYNE,26,163,"179,662",80,"1,055.15",46.98%,"84,412",80,"23,481",27.82%,50.50%,"$211,139,704.94",No,"BLUE 5","Extreme Values (More than 22,968 Beneficiaries)","BLUE 5","Extreme Values (More than 34 Providers)","BLUE 5","Extreme Values (More than 650.49 Users)","BLUE 3","Third Lowest 25% (43.88% - 52.48% of Users)","BLUE 5","Extreme Values (More than 11,451 Users)","BLUE 5","Extreme Values (More than 34.49 Providers)","BLUE 5","Extreme Values (More than 1,744 Dual Eligible Users)","BLUE 4","Top 25% Excl. Extreme Values (18.64% - 31.67% of Total Users)","BLUE 3","Third Lowest 25% (46.95% - 55.14% of Total FFS Beneficiaries)","BLUE 5","Extreme Values (More than $28,786,222.00 )"," "," "," "," "," "," "," "," "," "," "
"2020-07-01 to 2021-06-30","Independent Diagnostic Testing Facility Pt B",COUNTY,MI,WAYNE,26,163,"179,091",45,160.02,4.02%,"7,201",45,"2,612",36.27%,5.62%,"$2,613,969.70",No,"BLUE 5","Extreme Values (More than 23,561 Beneficiaries)","BLUE 5","Extreme Values (More than 21 Providers)","BLUE 5","Extreme Values (More than 122.87 Users)","BLUE 2","Second Lowest 25% (3.38% - 4.53% of Users)","BLUE 5","Extreme Values (More than 1,277 Users)","BLUE 5","Extreme Values (More than 21.99 Providers)","BLUE 5","Extreme Values (More than 213 Dual Eligible Users)","BLUE 5","Extreme Values (More than 34.53% of Total Users)","BLUE 3","Third Lowest 25% (5.02% - 6.93% of Total FFS Beneficiaries)","BLUE 5","Extreme Values (More than $393,839.36 )"," "," "," "," "," "," "," "," "," "," "
"2020-07-01 to 2021-06-30","Long-Term Care Hospitals",COUNTY,MI,WAYNE,26,163,"179,662",7,85.71,0.33%,600,7,330,55.00%,0.71%,"$31,651,551.76",No,"BLUE 5","Extreme Values (More than 70,248 Beneficiaries)","BLUE 5","Extreme Values (More than 2 Providers)","BLUE 4","Top 25% Excl. Extreme Values (51.00 - 94.49 Users)","BLUE 3","Third Lowest 25% (0.21% - 0.38% of Users)","BLUE 5","Extreme Values (More than 114 Users)","BLUE 5","Extreme Values (More than 2.49 Providers)","BLUE 5","Extreme Values (More than 79 Dual Eligible Users)","BLUE 4","Top 25% Excl. Extreme Values (42.31% - 67.41% of Total Users)","BLUE 3","Third Lowest 25% (0.60% - 1.17% of Total FFS Beneficiaries)","BLUE 5","Extreme Values (More than $5,278,902.49 )"," "," "," "," "," "," "," "," "," "," "
"2020-07-01 to 2021-06-30",Neurology,COUNTY,MI,WAYNE,26,163,"180,295",70,51.34,1.99%,"3,594",70,"1,459",40.60%,3.12%,"$667,518.58",No,"BLUE 5","Extreme Values (More than 29,402 Beneficiaries)","BLUE 5","Extreme Values (More than 7 Providers)","BLUE 3","Third Lowest 25% (49.23 - 64.99 Users)","BLUE 4","Top 25% Excl. Extreme Values (1.27% - 2.04% of Users)","BLUE 5","Extreme Values (More than 308 Users)","BLUE 5","Extreme Values (More than 7.49 Providers)","BLUE 5","Extreme Values (More than 110 Dual Eligible Users)","BLUE 4","Top 25% Excl. Extreme Values (27.37% - 46.73% of Total Users)","BLUE 4","Top 25% Excl. Extreme Values (2.05% - 3.29% of Total FFS Beneficiaries)","BLUE 5","Extreme Values (More than $42,616.69 )"," "," "," "," "," "," "," "," "," "," "
"2020-07-01 to 2021-06-30",Ophthalmology,COUNTY,MI,WAYNE,26,163,"179,091",425,109.83,26.06%,"46,677",425,"10,621",22.75%,22.83%,"$29,202,903.59",No,"BLUE 5","Extreme Values (More than 22,903 Beneficiaries)","BLUE 5","Extreme Values (More than 90 Providers)","BLUE 4","Top 25% Excl. Extreme Values (82.28 - 146.91 Users)","BLUE 1","Lowest 25% (Less than 27.21% of Users)","BLUE 5","Extreme Values (More than 7,137 Users)","BLUE 5","Extreme Values (More than 90.49 Providers)","BLUE 5","Extreme Values (More than 773 Dual Eligible Users)","BLUE 4","Top 25% Excl. Extreme Values (14.54% - 25.81% of Total Users)","BLUE 2","Second Lowest 25% (20.13% - 23.41% of Total FFS Beneficiaries)","BLUE 5","Extreme Values (More than $4,107,805.58 )"," "," "," "," "," "," "," "," "," "," "
"2020-07-01 to 2021-06-30","Physical & Occupational Therapy",COUNTY,MI,WAYNE,26,163,"179,091",404,25.65,5.79%,"10,363",404,"2,753",26.57%,5.92%,"$13,298,993.49",No,"BLUE 5","Extreme Values (More than 23,663 Beneficiaries)","BLUE 5","Extreme Values (More than 46 Providers)","BLUE 1","Lowest 25% (Less than 29.84 Users)","BLUE 3","Third Lowest 25% (5.45% - 7.84% of Users)","BLUE 5","Extreme Values (More than 1,646 Users)","BLUE 5","Extreme Values (More than 47.24 Providers)","BLUE 5","Extreme Values (More than 213 Dual Eligible Users)","BLUE 4","Top 25% Excl. Extreme Values (15.50% - 27.81% of Total Users)","BLUE 3","Third Lowest 25% (4.63% - 6.42% of Total FFS Beneficiaries)","BLUE 5","Extreme Values (More than $1,484,280.29 )"," "," "," "," "," "," "," "," "," "," "
"2020-07-01 to 2021-06-30","Podiatry Services",COUNTY,MI,WAYNE,26,163,"180,004",275,115.60,17.66%,"31,790",275,"11,575",36.41%,24.75%,"$8,112,204.00",No,"BLUE 5","Extreme Values (More than 23,412 Beneficiaries)","BLUE 5","Extreme Values (More than 27 Providers)","BLUE 4","Top 25% Excl. Extreme Values (97.75 - 184.86 Users)","BLUE 4","Top 25% Excl. Extreme Values (11.38% - 18.48% of Users)","BLUE 5","Extreme Values (More than 2,458 Users)","BLUE 5","Extreme Values (More than 27.99 Providers)","BLUE 5","Extreme Values (More than 481 Dual Eligible Users)","BLUE 4","Top 25% Excl. Extreme Values (25.45% - 43.19% of Total Users)","BLUE 4","Top 25% Excl. Extreme Values (16.82% - 27.88% of Total FFS Beneficiaries)","BLUE 5","Extreme Values (More than $460,590.48 )"," "," "," "," "," "," "," "," "," "," "
"2020-07-01 to 2021-06-30","Preventive Health Services",COUNTY,MI,WAYNE,26,163,"179,091","2,070",48.02,55.50%,"99,393","2,070.00","27,990",28.16%,60.18%,"$16,984,360.81",No,"BLUE 5","Extreme Values (More than 22,904 Beneficiaries)","BLUE 5","Extreme Values (More than 251 Providers)","BLUE 3","Third Lowest 25% (46.57 - 59.99 Users)","BLUE 2","Second Lowest 25% (48.54% - 57.08% of Users)","BLUE 5","Extreme Values (More than 13,718 Users)","BLUE 5","Extreme Values (More than 251.49 Providers)","BLUE 5","Extreme Values (More than 1,749 Dual Eligible Users)","BLUE 4","Top 25% Excl. Extreme Values (16.66% - 29.00% of Total Users)","BLUE 4","Top 25% Excl. Extreme Values (59.60% - 83.86% of Total FFS Beneficiaries)","BLUE 5","Extreme Values (More than $2,266,028.06 )"," "," "," "," "," "," "," "," "," "," "
"2020-07-01 to 2021-06-30",Psychotherapy,COUNTY,MI,WAYNE,26,163,"179,091",417,34.15,7.95%,"14,241",417,"7,543",52.97%,16.22%,"$10,510,267.35",No,"BLUE 5","Extreme Values (More than 24,064 Beneficiaries)","BLUE 5","Extreme Values (More than 27 Providers)","BLUE 1","Lowest 25% (Less than 35.47 Users)","BLUE 5","Extreme Values (More than 7.47% of Users)","BLUE 5","Extreme Values (More than 1,031 Users)","BLUE 5","Extreme Values (More than 27.49 Providers)","BLUE 5","Extreme Values (More than 388 Dual Eligible Users)","BLUE 4","Top 25% Excl. Extreme Values (44.35% - 68.61% of Total Users)","BLUE 4","Top 25% Excl. Extreme Values (13.24% - 22.62% of Total FFS Beneficiaries)","BLUE 5","Extreme Values (More than $564,496.84 )"," "," "," "," "," "," "," "," "," "," "
"2020-07-01 to 2021-06-30",Pulmonology,COUNTY,MI,WAYNE,26,163,"179,534","1,160",32.11,20.75%,"37,247","1,160.00","11,250",30.20%,24.06%,"$6,363,611.17",No,"BLUE 5","Extreme Values (More than 22,979 Beneficiaries)","BLUE 5","Extreme Values (More than 123 Providers)","BLUE 1","Lowest 25% (Less than 38.35 Users)","BLUE 3","Third Lowest 25% (19.43% - 21.95% of Users)","BLUE 5","Extreme Values (More than 4,738 Users)","BLUE 5","Extreme Values (More than 123.99 Providers)","BLUE 5","Extreme Values (More than 736 Dual Eligible Users)","BLUE 4","Top 25% Excl. Extreme Values (18.88% - 31.92% of Total Users)","BLUE 4","Top 25% Excl. Extreme Values (23.24% - 31.53% of Total FFS Beneficiaries)","BLUE 5","Extreme Values (More than $766,046.05 )"," "," "," "," "," "," "," "," "," "," "
"2020-07-01 to 2021-06-30","Skilled Nursing Facility",COUNTY,MI,WAYNE,26,163,"179,662",112,57.28,3.57%,"6,415",112,"2,750",42.87%,5.91%,"$98,004,310.36",No,"BLUE 5","Extreme Values (More than 24,416 Beneficiaries)","BLUE 5","Extreme Values (More than 15 Providers)","BLUE 3","Third Lowest 25% (50.50 - 65.87 Users)","BLUE 3","Third Lowest 25% (3.26% - 3.98% of Users)","BLUE 5","Extreme Values (More than 816 Users)","BLUE 5","Extreme Values (More than 15.99 Providers)","BLUE 5","Extreme Values (More than 252 Dual Eligible Users)","BLUE 4","Top 25% Excl. Extreme Values (37.88% - 61.65% of Total Users)","BLUE 2","Second Lowest 25% (5.12% - 6.85% of Total FFS Beneficiaries)","BLUE 5","Extreme Values (More than $13,742,511.06 )"," "," "," "," "," "," "," "," "," "," "
"2020-07-01 to 2021-06-30",Telemedicine,COUNTY,MI,WAYNE,26,163,"179,091",382,44.07,9.40%,"16,833",382,"7,105",42.21%,15.27%,"$4,462,320.04",No,"BLUE 5","Extreme Values (More than 23,230 Beneficiaries)","BLUE 5","Extreme Values (More than 25 Providers)","BLUE 2","Second Lowest 25% (41.00 - 51.82 Users)","BLUE 4","Top 25% Excl. Extreme Values (6.36% - 10.99% of Users","BLUE 5","Extreme Values (More than 1,208 Users)","BLUE 5","Extreme Values (More than 25.99 Providers)","BLUE 5","Extreme Values (More than 386 Dual Eligible Users)","BLUE 4","Top 25% Excl. Extreme Values (38.81% - 63.30% of Total Users)","BLUE 4","Top 25% Excl. Extreme Values (13.85% - 23.43% of Total FFS Beneficiaries)","BLUE 5","Extreme Values (More than $239,934.89 )"," "," "," "," "," "," "," "," "," "," "
"2020-10-01 to 2021-09-30","Ambulance (Emergency & Non-Emergency)",COUNTY,MI,WAYNE,26,163,"178,325",73,294.11,12.04%,"21,470",73,"9,421",43.88%,20.58%,"$19,405,739.54",No,"BLUE 5","Extreme Values (More than 22,991 Beneficiaries)","BLUE 5","Extreme Values (More than 21 Providers)","BLUE 5","Extreme Values (More than 267.74 Users)","BLUE 3","Third Lowest 25% (11.15% - 12.71% of Users)","BLUE 5","Extreme Values (More than 2,621 Users)","BLUE 5","Extreme Values (More than 21.74 Providers)","BLUE 5","Extreme Values (More than 691 Dual Eligible Users)","BLUE 4","Top 25% Excl. Extreme Values (31.18% - 50.01% of Total Users)","BLUE 3","Third Lowest 25% (20.06% - 22.64% of Total FFS Beneficiaries)","BLUE 5","Extreme Values (More than $2,435,951.39 )"," "," "," "," "," "," "," "," "," "," "
"2020-10-01 to 2021-09-30","Ambulance (Emergency)",COUNTY,MI,WAYNE,26,163,"178,325",64,293.27,10.53%,"18,769",64,"8,316",44.31%,18.17%,"$12,564,550.62",No,"BLUE 5","Extreme Values (More than 23,092 Beneficiaries)","BLUE 5","Extreme Values (More than 14 Providers)","BLUE 4","Top 25% Excl. Extreme Values (179.50 - 352.49 Users)","BLUE 3","Third Lowest 25% (9.94% - 11.44% of Users)","BLUE 5","Extreme Values (More than 2,369 Users)","BLUE 5","Extreme Values (More than 14.49 Providers)","BLUE 5","Extreme Values (More than 648 Dual Eligible Users)","BLUE 4","Top 25% Excl. Extreme Values (31.79% - 51.03% of Total Users)","BLUE 2","Second Lowest 25% (15.42% - 18.41% of Total FFS Beneficiaries)","BLUE 5","Extreme Values (More than $1,705,181.30 )"," "," "," "," "," "," "," "," "," "," "
"2020-10-01 to 2021-09-30","Ambulance (Non-Emergency)",COUNTY,MI,WAYNE,26,163,"178,325",73,137.41,5.63%,"10,031",73,"4,725",47.10%,10.32%,"$6,738,569.18",No,"BLUE 5","Extreme Values (More than 24,378 Beneficiaries)","BLUE 5","Extreme Values (More than 22 Providers)","BLUE 5","Extreme Values (More than 91.29 Users)","BLUE 4","Top 25% Excl. Extreme Values (5.04% - 9.07% of Users)","BLUE 5","Extreme Values (More than 946 Users)","BLUE 5","Extreme Values (More than 22.99 Providers)","BLUE 5","Extreme Values (More than 282 Dual Eligible Users)","BLUE 4","Top 25% Excl. Extreme Values (34.69% - 55.62% of Total Users)","BLUE 4","Top 25% Excl. Extreme Values (10.07% - 16.98% of Total FFS Beneficiaries","BLUE 5","Extreme Values (More than $734,342.94 )"," "," "," "," "," "," "," "," "," "," "
"2020-10-01 to 2021-09-30","Cardiac Rehabilitation Program",COUNTY,MI,WAYNE,26,163,"178,918",14,54.71,0.43%,766,14,127,16.58%,0.28%,"$3,679,434.27",No,"BLUE 5","Extreme Values (More than 35,375 Beneficiaries)","BLUE 5","Extreme Values (More than 3 Providers)","BLUE 4","Top 25% Excl. Extreme Values (54.00 - 100.99 Users)","BLUE 2","Second Lowest 25% (0.38% - 0.55% of Users)","BLUE 5","Extreme Values (More than 174 Users)","BLUE 5","Extreme Values (More than 3.49 Providers)","BLUE 5","Extreme Values (More than 50 Dual Eligible Users)","BLUE 4","Top 25% Excl. Extreme Values (13.93% - 24.59% of Total Users)","BLUE 2","Second Lowest 25% (0.22% - 0.38% of Total FFS Beneficiaries)","BLUE 5","Extreme Values (More than $1,287,493.87 )"," "," "," "," "," "," "," "," "," "," "
"2020-10-01 to 2021-09-30","Chiropractic Services",COUNTY,MI,WAYNE,26,163,"178,325",169,32.11,3.04%,"5,427",169,591,10.89%,1.29%,"$2,086,256.73",No,"BLUE 5","Extreme Values (More than 23,778 Beneficiaries)","BLUE 5","Extreme Values (More than 24 Providers)","BLUE 1","Lowest 25% (Less than 36.00 Users)","BLUE 2","Second Lowest 25% (2.61% - 4.15% of Users)","BLUE 5","Extreme Values (More than 1,178 Users)","BLUE 5","Extreme Values (More than 24.49 Providers)","BLUE 5","Extreme Values (More than 116 Dual Eligible Users)","BLUE 4","Top 25% Excl. Extreme Values (10.45% - 18.90% of Total Users","BLUE 1","Lowest 25% (Less than 1.55% of Total FFS Beneficiaries)","BLUE 5","Extreme Values (More than $304,956.70 )"," "," "," "," "," "," "," "," "," "," "
"2020-10-01 to 2021-09-30","Clinical Laboratory (Billing Independently)",COUNTY,MI,WAYNE,26,163,"178,325",172,272.01,26.24%,"46,785",172,"18,650",39.86%,40.75%,"$22,561,062.48",No,"BLUE 5","Extreme Values (More than 22,932 Beneficiaries)","BLUE 5","Extreme Values (More than 55 Providers)","BLUE 4","Top 25% Excl. Extreme Values (150.64 - 288.09 Users)","BLUE 2","Second Lowest 25% (20.34% - 34.38% of Users)","BLUE 5","Extreme Values (More than 8,388 Users)","BLUE 5","Extreme Values (More than 55.49 Providers)","BLUE 5","Extreme Values (More than 1,349 Dual Eligible Users)","BLUE 5","Extreme Values (More than 34.57% of Total Users)","BLUE 3","Third Lowest 25% (39.54% - 52.33% of Total FFS Beneficiaries)","BLUE 5","Extreme Values (More than $2,395,139.04 )"," "," "," "," "," "," "," "," "," "," "
"2020-10-01 to 2021-09-30",Dialysis,COUNTY,MI,WAYNE,26,163,"178,918",68,42.37,1.61%,"2,881",68,"1,602",55.61%,3.47%,"$65,472,127.16",No,"BLUE 5","Extreme Values (More than 30,442 Beneficiaries)","BLUE 5","Extreme Values (More than 5 Providers)","BLUE 3","Third Lowest 25% (34.45 - 46.12 Users)","BLUE 4","Top 25% Excl. Extreme Values (1.12% - 1.94% of Users)","BLUE 5","Extreme Values (More than 233 Users)","BLUE 5","Extreme Values (More than 5.99 Providers)","BLUE 5","Extreme Values (More than 136 Dual Eligible Users)","BLUE 4","Top 25% Excl. Extreme Values (47.06% - 70.87% of Total Users)","BLUE 3","Third Lowest 25% (2.39% - 3.59% of Total FFS Beneficiaries)","BLUE 5","Extreme Values (More than $5,168,270.75 )"," "," "," "," "," "," "," "," "," "," "
"2020-10-01 to 2021-09-30","Federally Qualified Health Center (FQHC)",COUNTY,MI,WAYNE,26,163,"178,918",33,84.61,1.56%,"2,792",33,"1,864",66.76%,4.04%,"$1,133,582.64",No,"BLUE 5","Extreme Values (More than 27,353 Beneficiaries)","BLUE 5","Extreme Values (More than 10 Providers)","BLUE 3","Third Lowest 25% (80.00 - 138.99 Users)","BLUE 2","Second Lowest 25% (1.45% - 3.45% of Users)","BLUE 5","Extreme Values (More than 1,361 Users)","BLUE 5","Extreme Values (More than 10.99 Providers)","BLUE 5","Extreme Values (More than 563 Dual Eligible Users)","BLUE 4","Top 25% Excl. Extreme Values (46.80% - 77.48% of Total Users)","BLUE 1","Lowest 25% (Less than 5.88% of Total FFS Beneficiaries)","BLUE 5","Extreme Values (More than $635,801.04 )"," "," "," "," "," "," "," "," "," "," "
"2020-10-01 to 2021-09-30","Home Health",COUNTY,MI,WAYNE,26,163,"178,918",202,88.87,10.03%,"17,952",202,"7,167",39.92%,15.52%,"$87,221,767.10",No,"BLUE 5","Extreme Values (More than 23,670 Beneficiaries)","BLUE 5","Extreme Values (More than 16 Providers)","BLUE 3","Third Lowest 25% (70.77 - 128.99 Users)","BLUE 4","Top 25% Excl. Extreme Values (8.48% - 13.63% of Users)","BLUE 5","Extreme Values (More than 1,716 Users)","BLUE 5","Extreme Values (More than 16.99 Providers)","BLUE 5","Extreme Values (More than 354 Dual Eligible Users)","BLUE 4","Top 25% Excl. Extreme Values (24.00% - 40.37% of Total Users)","BLUE 4","Top 25% Excl. Extreme Values (11.83% - 18.75% of Total FFS Beneficiaries)","BLUE 5","Extreme Values (More than $9,243,766.78 )"," "," "," "," "," "," "," "," "," "," "
"2020-10-01 to 2021-09-30",Hospice,COUNTY,MI,WAYNE,26,163,"178,918",38,99.03,2.10%,"3,763",38,"1,078",28.65%,2.33%,"$40,403,234.13",No,"BLUE 5","Extreme Values (More than 24,410 Beneficiaries)","BLUE 5","Extreme Values (More than 10 Providers)","BLUE 4","Top 25% Excl. Extreme Values (73.96 - 135.38 Users)","BLUE 2","Second Lowest 25% (2.01% - 2.45% of Users)","BLUE 5","Extreme Values (More than 624 Users)","BLUE 5","Extreme Values (More than 10.99 Providers)","BLUE 5","Extreme Values (More than 131 Dual Eligible Users)","BLUE 4","Top 25% Excl. Extreme Values (25.00% - 42.52% of Total Users)","BLUE 1","Lowest 25% (Less than 2.56% of Total FFS Beneficiaries)","BLUE 5","Extreme Values (More than $7,678,320.39 )"," "," "," "," "," "," "," "," "," "," "
"2020-10-01 to 2021-09-30","Independent Diagnostic Testing Facility Pt A",COUNTY,MI,WAYNE,26,163,"178,918",83,"1,006.73",46.70%,"83,559",83,"23,325",27.91%,50.51%,"$210,932,213.47",No,"BLUE 5","Extreme Values (More than 22,949 Beneficiaries)","BLUE 5","Extreme Values (More than 34 Providers)","BLUE 5","Extreme Values (More than 643.79 Users)","BLUE 3","Third Lowest 25% (43.64% - 52.03% of Users)","BLUE 5","Extreme Values (More than 11,353 Users)","BLUE 5","Extreme Values (More than 34.49 Providers)","BLUE 5","Extreme Values (More than 1,712 Dual Eligible Users)","BLUE 4","Top 25% Excl. Extreme Values (18.38% - 31.32% of Total Users)","BLUE 3","Third Lowest 25% (46.47% - 54.65% of Total FFS Beneficiaries)","BLUE 5","Extreme Values (More than $28,670,296.62 )"," "," "," "," "," "," "," "," "," "," "
"2020-10-01 to 2021-09-30","Independent Diagnostic Testing Facility Pt B",COUNTY,MI,WAYNE,26,163,"178,325",48,146.44,3.94%,"7,029",48,"2,511",35.72%,5.49%,"$2,490,973.61",No,"BLUE 5","Extreme Values (More than 23,643 Beneficiaries)","BLUE 5","Extreme Values (More than 21 Providers)","BLUE 5","Extreme Values (More than 124.47 Users)","BLUE 2","Second Lowest 25% (3.35% - 4.54% of Users)","BLUE 5","Extreme Values (More than 1,269 Users)","BLUE 5","Extreme Values (More than 21.99 Providers)","BLUE 5","Extreme Values (More than 210 Dual Eligible Users)","BLUE 5","Extreme Values (More than 33.81% of Total Users)","BLUE 3","Third Lowest 25% (4.91% - 6.77% of Total FFS Beneficiaries)","BLUE 5","Extreme Values (More than $393,908.04 )"," "," "," "," "," "," "," "," "," "," "
"2020-10-01 to 2021-09-30","Long-Term Care Hospitals",COUNTY,MI,WAYNE,26,163,"178,918",7,76.00,0.30%,532,7,294,55.26%,0.64%,"$28,607,639.64",No,"BLUE 5","Extreme Values (More than 71,212 Beneficiaries)","BLUE 5","Extreme Values (More than 2 Providers)","BLUE 4","Top 25% Excl. Extreme Values (52.00 - 96.99 Users)","BLUE 3","Third Lowest 25% (0.20% - 0.38% of Users)","BLUE 5","Extreme Values (More than 115 Users)","BLUE 5","Extreme Values (More than 2.49 Providers)","BLUE 5","Extreme Values (More than 76 Dual Eligible Users)","BLUE 4","Top 25% Excl. Extreme Values (41.94% - 67.28% of Total Users)","BLUE 3","Third Lowest 25% (0.57% - 1.12% of Total FFS Beneficiaries)","BLUE 5","Extreme Values (More than $5,332,446.83 )"," "," "," "," "," "," "," "," "," "," "
"2020-10-01 to 2021-09-30",Neurology,COUNTY,MI,WAYNE,26,163,"179,546",74,47.01,1.94%,"3,479",74,"1,410",40.53%,3.04%,"$688,031.68",No,"BLUE 5","Extreme Values (More than 29,563 Beneficiaries)","BLUE 5","Extreme Values (More than 7 Providers)","BLUE 2","Second Lowest 25% (37.74 - 48.49 Users)","BLUE 4","Top 25% Excl. Extreme Values (1.25% - 2.02% of Users)","BLUE 5","Extreme Values (More than 303 Users)","BLUE 5","Extreme Values (More than 7.49 Providers)","BLUE 5","Extreme Values (More than 110 Dual Eligible Users)","BLUE 4","Top 25% Excl. Extreme Values (26.32% - 45.41% of Total Users)","BLUE 4","Top 25% Excl. Extreme Values (1.97% - 3.15% of Total FFS Beneficiaries)","BLUE 5","Extreme Values (More than $42,247.77 )"," "," "," "," "," "," "," "," "," "," "
"2020-10-01 to 2021-09-30",Ophthalmology,COUNTY,MI,WAYNE,26,163,"178,325",427,107.40,25.72%,"45,858",427,"10,431",22.75%,22.79%,"$29,045,470.58",No,"BLUE 5","Extreme Values (More than 22,934 Beneficiaries)","BLUE 5","Extreme Values (More than 92 Providers)","BLUE 4","Top 25% Excl. Extreme Values (81.99 - 146.75 Users)","BLUE 1","Lowest 25% (Less than 27.15% of Users)","BLUE 5","Extreme Values (More than 7,108 Users)","BLUE 5","Extreme Values (More than 92.99 Providers)","BLUE 5","Extreme Values (More than 754 Dual Eligible Users)","BLUE 4","Top 25% Excl. Extreme Values (14.20% - 25.07% of Total Users)","BLUE 2","Second Lowest 25% (20.11% - 23.28% of Total FFS Beneficiaries)","BLUE 5","Extreme Values (More than $4,135,460.62 )"," "," "," "," "," "," "," "," "," "," "
"2020-10-01 to 2021-09-30","Physical & Occupational Therapy",COUNTY,MI,WAYNE,26,163,"178,325",426,25.72,6.14%,"10,955",426,"2,790",25.47%,6.10%,"$13,586,830.30",No,"BLUE 5","Extreme Values (More than 23,593 Beneficiaries)","BLUE 5","Extreme Values (More than 48 Providers)","BLUE 1","Lowest 25% (Less than 29.82 Users)","BLUE 3","Third Lowest 25% (5.65% - 8.20% of Users)","BLUE 5","Extreme Values (More than 1,706 Users)","BLUE 5","Extreme Values (More than 48.49 Providers)","BLUE 5","Extreme Values (More than 215 Dual Eligible Users)","BLUE 4","Top 25% Excl. Extreme Values (14.81% - 26.62% of Total Users)","BLUE 3","Third Lowest 25% (4.74% - 6.43% of Total FFS Beneficiaries)","BLUE 5","Extreme Values (More than $1,534,486.17 )"," "," "," "," "," "," "," "," "," "," "
"2020-10-01 to 2021-09-30","Podiatry Services",COUNTY,MI,WAYNE,26,163,"179,252",283,111.34,17.58%,"31,508",283,"11,555",36.67%,24.89%,"$8,064,543.96",No,"BLUE 5","Extreme Values (More than 23,376 Beneficiaries)","BLUE 5","Extreme Values (More than 27 Providers)","BLUE 4","Top 25% Excl. Extreme Values (98.25 - 186.11 Users)","BLUE 4","Top 25% Excl. Extreme Values (11.47% - 18.68% of Users)","BLUE 5","Extreme Values (More than 2,473 Users)","BLUE 5","Extreme Values (More than 27.99 Providers)","BLUE 5","Extreme Values (More than 476 Dual Eligible Users)","BLUE 4","Top 25% Excl. Extreme Values (25.31% - 43.11% of Total Users)","BLUE 4","Top 25% Excl. Extreme Values (17.06% - 28.20% of Total FFS Beneficiaries)","BLUE 5","Extreme Values (More than $471,735.81 )"," "," "," "," "," "," "," "," "," "," "
"2020-10-01 to 2021-09-30","Preventive Health Services",COUNTY,MI,WAYNE,26,163,"178,325","1,998",46.80,52.44%,"93,514","1,998.00","26,571",28.41%,58.05%,"$15,805,521.40",No,"BLUE 5","Extreme Values (More than 22,930 Beneficiaries)","BLUE 5","Extreme Values (More than 244 Providers)","BLUE 3","Third Lowest 25% (46.08 - 58.92 Users)","BLUE 2","Second Lowest 25% (45.15% - 54.09% of Users)","BLUE 5","Extreme Values (More than 13,138 Users)","BLUE 5","Extreme Values (More than 244.49 Providers)","BLUE 5","Extreme Values (More than 1,659 Dual Eligible Users)","BLUE 4","Top 25% Excl. Extreme Values (16.57% - 28.86% of Total Users)","BLUE 4","Top 25% Excl. Extreme Values (57.23% - 81.86% of Total FFS Beneficiaries)","BLUE 5","Extreme Values (More than $2,146,087.46 )"," "," "," "," "," "," "," "," "," "," "
"2020-10-01 to 2021-09-30",Psychotherapy,COUNTY,MI,WAYNE,26,163,"178,325",420,33.92,7.99%,"14,247",420,"7,499",52.64%,16.38%,"$10,232,055.50",No,"BLUE 5","Extreme Values (More than 24,159 Beneficiaries)","BLUE 5","Extreme Values (More than 27 Providers)","BLUE 1","Lowest 25% (Less than 35.89 Users)","BLUE 5","Extreme Values (More than 7.34% of Users)","BLUE 5","Extreme Values (More than 1,031 Users)","BLUE 5","Extreme Values (More than 27.49 Providers)","BLUE 5","Extreme Values (More than 380 Dual Eligible Users)","BLUE 4","Top 25% Excl. Extreme Values (44.25% - 69.23% of Total Users)","BLUE 4","Top 25% Excl. Extreme Values (13.25% - 22.59% of Total FFS Beneficiaries)","BLUE 5","Extreme Values (More than $575,431.04 )"," "," "," "," "," "," "," "," "," "," "
"2020-10-01 to 2021-09-30",Pulmonology,COUNTY,MI,WAYNE,26,163,"178,778","1,230",30.78,21.17%,"37,855","1,230.00","11,347",29.97%,24.44%,"$6,538,075.96",No,"BLUE 5","Extreme Values (More than 23,057 Beneficiaries)","BLUE 5","Extreme Values (More than 133 Providers)","BLUE 1","Lowest 25% (Less than 37.94 Users)","BLUE 3","Third Lowest 25% (20.34% - 22.97% of Users)","BLUE 5","Extreme Values (More than 4,939 Users)","BLUE 5","Extreme Values (More than 133.99 Providers)","BLUE 5","Extreme Values (More than 731 Dual Eligible Users)","BLUE 4","Top 25% Excl. Extreme Values (18.18% - 30.56% of Total Users)","BLUE 4","Top 25% Excl. Extreme Values (23.64% - 31.79% of Total FFS Beneficiaries)","BLUE 5","Extreme Values (More than $807,692.11 )"," "," "," "," "," "," "," "," "," "," "
"2020-10-01 to 2021-09-30","Skilled Nursing Facility",COUNTY,MI,WAYNE,26,163,"178,918",109,58.82,3.58%,"6,411",109,"2,684",41.87%,5.81%,"$96,694,255.66",No,"BLUE 5","Extreme Values (More than 24,478 Beneficiaries)","BLUE 5","Extreme Values (More than 15 Providers)","BLUE 3","Third Lowest 25% (50.55 - 63.99 Users)","BLUE 3","Third Lowest 25% (3.23% - 3.96% of Users)","BLUE 5","Extreme Values (More than 819 Users)","BLUE 5","Extreme Values (More than 15.99 Providers)","BLUE 5","Extreme Values (More than 241 Dual Eligible Users)","BLUE 4","Top 25% Excl. Extreme Values (36.82% - 59.82% of Total Users)","BLUE 2","Second Lowest 25% (5.01% - 6.70% of Total FFS Beneficiaries)","BLUE 5","Extreme Values (More than $13,581,192.86 )"," "," "," "," "," "," "," "," "," "," "
"2020-10-01 to 2021-09-30",Telemedicine,COUNTY,MI,WAYNE,26,163,"178,325",372,43.66,9.11%,"16,243",372,"6,903",42.50%,15.08%,"$4,433,103.02",No,"BLUE 5","Extreme Values (More than 23,390 Beneficiaries)","BLUE 5","Extreme Values (More than 23 Providers)","BLUE 2","Second Lowest 25% (41.00 - 51.99 Users)","BLUE 4","Top 25% Excl. Extreme Values (5.75% - 9.91% of Users)","BLUE 5","Extreme Values (More than 1,080 Users)","BLUE 5","Extreme Values (More than 23.49 Providers)","BLUE 5","Extreme Values (More than 349 Dual Eligible Users)","BLUE 4","Top 25% Excl. Extreme Values (38.99% - 63.79% of Total Users)","BLUE 4","Top 25% Excl. Extreme Values (12.92% - 21.94% of Total FFS Beneficiaries)","BLUE 5","Extreme Values (More than $220,896.15 )"," "," "," "," "," "," "," "," "," "," "
"2021-01-01 to 2021-12-31","Ambulance (Emergency & Non-Emergency)",COUNTY,MI,WAYNE,26,163,"169,271",70,299.56,12.39%,"20,969",70,"9,173",43.75%,21.14%,"$18,659,610.56",No,"BLUE 5","Extreme Values (More than 22,046 Beneficiaries)","BLUE 5","Extreme Values (More than 20 Providers)","BLUE 5","Extreme Values (More than 264.17 Users)","BLUE 3","Third Lowest 25% (11.21% - 12.80% of Users)","BLUE 5","Extreme Values (More than 2,577 Users)","BLUE 5","Extreme Values (More than 20.49 Providers)","BLUE 5","Extreme Values (More than 660 Dual Eligible Users)","BLUE 4","Top 25% Excl. Extreme Values (30.65% - 49.20% of Total Users)","BLUE 3","Third Lowest 25% (20.19% - 22.72% of Total FFS Beneficiaries)","BLUE 5","Extreme Values (More than $2,345,604.36 )"," "," "," "," "," "," "," "," "," "," "
"2021-01-01 to 2021-12-31","Ambulance (Emergency)",COUNTY,MI,WAYNE,26,163,"169,271",65,282.14,10.83%,"18,339",65,"8,075",44.03%,18.61%,"$12,349,169.97",No,"BLUE 5","Extreme Values (More than 22,097 Beneficiaries)","BLUE 5","Extreme Values (More than 14 Providers)","BLUE 4","Top 25% Excl. Extreme Values (177.50 - 349.24 Users)","BLUE 3","Third Lowest 25% (10.05% - 11.54% of Users)","BLUE 5","Extreme Values (More than 2,333 Users)","BLUE 5","Extreme Values (More than 14.49 Providers)","BLUE 5","Extreme Values (More than 624 Dual Eligible Users)","BLUE 4","Top 25% Excl. Extreme Values (31.26% - 50.20% of Total Users)","BLUE 3","Third Lowest 25% (18.50% - 20.90% of Total FFS Beneficiaries)","BLUE 5","Extreme Values (More than $1,671,707.68 )"," "," "," "," "," "," "," "," "," "," "
"2021-01-01 to 2021-12-31","Ambulance (Non-Emergency)",COUNTY,MI,WAYNE,26,163,"169,271",70,138.09,5.71%,"9,666",70,"4,571",47.29%,10.53%,"$6,212,819.29",No,"BLUE 5","Extreme Values (More than 23,425 Beneficiaries)","BLUE 5","Extreme Values (More than 22 Providers)","BLUE 5","Extreme Values (More than 90.31 Users)","BLUE 4","Top 25% Excl. Extreme Values (5.02% - 9.12% of Users)","BLUE 5","Extreme Values (More than 907 Users)","BLUE 5","Extreme Values (More than 22.99 Providers)","BLUE 5","Extreme Values (More than 266 Dual Eligible Users)","BLUE 4","Top 25% Excl. Extreme Values (34.23% - 55.10% of Total Users)","BLUE 4","Top 25% Excl. Extreme Values (10.06% - 16.86% of Total FFS Beneficiaries","BLUE 5","Extreme Values (More than $685,541.38 )"," "," "," "," "," "," "," "," "," "," "
"2021-01-01 to 2021-12-31","Cardiac Rehabilitation Program",COUNTY,MI,WAYNE,26,163,"169,889",13,57.00,0.44%,741,13,115,15.52%,0.26%,"$3,653,691.55",No,"BLUE 5","Extreme Values (More than 34,623 Beneficiaries)","BLUE 5","Extreme Values (More than 3 Providers)","BLUE 4","Top 25% Excl. Extreme Values (53.00 - 97.99 Users)","BLUE 2","Second Lowest 25% (0.38% - 0.56% of Users)","BLUE 5","Extreme Values (More than 172 Users)","BLUE 5","Extreme Values (More than 3.49 Providers)","BLUE 5","Extreme Values (More than 45 Dual Eligible Users)","BLUE 4","Top 25% Excl. Extreme Values (14.46% - 26.63% of Total Users)","BLUE 2","Second Lowest 25% (0.22% - 0.37% of Total FFS Beneficiaries)","BLUE 5","Extreme Values (More than $1,285,136.79 )"," "," "," "," "," "," "," "," "," "," "
"2021-01-01 to 2021-12-31","Chiropractic Services",COUNTY,MI,WAYNE,26,163,"169,271",159,32.47,3.05%,"5,162",159,549,10.64%,1.27%,"$2,072,461.37",No,"BLUE 5","Extreme Values (More than 22,971 Beneficiaries)","BLUE 5","Extreme Values (More than 24 Providers)","BLUE 1","Lowest 25% (Less than 36.00 Users)","BLUE 2","Second Lowest 25% (2.63% - 4.18% of Users)","BLUE 5","Extreme Values (More than 1,159 Users)","BLUE 5","Extreme Values (More than 24.49 Providers)","BLUE 5","Extreme Values (More than 111 Dual Eligible Users)","BLUE 4","Top 25% Excl. Extreme Values (10.30% - 18.78% of Total Users","BLUE 1","Lowest 25% (Less than 1.59% of Total FFS Beneficiaries)","BLUE 5","Extreme Values (More than $309,241.83 )"," "," "," "," "," "," "," "," "," "," "
"2021-01-01 to 2021-12-31","Clinical Laboratory (Billing Independently)",COUNTY,MI,WAYNE,26,163,"169,271",168,268.77,26.67%,"45,153",168,"17,593",38.96%,40.54%,"$22,671,058.53",No,"BLUE 5","Extreme Values (More than 21,932 Beneficiaries)","BLUE 5","Extreme Values (More than 55 Providers)","BLUE 4","Top 25% Excl. Extreme Values (148.36 - 282.27 Users)","BLUE 2","Second Lowest 25% (20.69% - 35.36% of Users)","BLUE 5","Extreme Values (More than 8,298 Users)","BLUE 5","Extreme Values (More than 55.49 Providers)","BLUE 5","Extreme Values (More than 1,299 Dual Eligible Users)","BLUE 5","Extreme Values (More than 33.57% of Total Users)","BLUE 3","Third Lowest 25% (40.17% - 53.11% of Total FFS Beneficiaries)","BLUE 5","Extreme Values (More than $2,414,103.09 )"," "," "," "," "," "," "," "," "," "," "
"2021-01-01 to 2021-12-31",Dialysis,COUNTY,MI,WAYNE,26,163,"169,889",69,38.43,1.56%,"2,652",69,"1,459",55.02%,3.32%,"$62,293,700.20",No,"BLUE 5","Extreme Values (More than 29,719 Beneficiaries)","BLUE 5","Extreme Values (More than 5 Providers)","BLUE 3","Third Lowest 25% (32.69 - 42.99 Users)","BLUE 4","Top 25% Excl. Extreme Values (1.01% - 1.71% of Users)","BLUE 5","Extreme Values (More than 212 Users)","BLUE 5","Extreme Values (More than 5.99 Providers)","BLUE 5","Extreme Values (More than 125 Dual Eligible Users)","BLUE 4","Top 25% Excl. Extreme Values (46.62% - 71.30% of Total Users)","BLUE 4","Top 25% Excl. Extreme Values (3.20% - 5.61% of Total FFS Beneficiaries)","BLUE 5","Extreme Values (More than $5,058,701.55 )"," "," "," "," "," "," "," "," "," "," "
"2021-01-01 to 2021-12-31","Federally Qualified Health Center (FQHC)",COUNTY,MI,WAYNE,26,163,"169,889",31,84.65,1.54%,"2,624",31,"1,772",67.53%,4.03%,"$1,104,153.88",No,"BLUE 5","Extreme Values (More than 26,603 Beneficiaries)","BLUE 5","Extreme Values (More than 10 Providers)","BLUE 3","Third Lowest 25% (78.50 - 137.74 Users)","BLUE 2","Second Lowest 25% (1.44% - 3.41% of Users)","BLUE 5","Extreme Values (More than 1,288 Users)","BLUE 5","Extreme Values (More than 10.99 Providers)","BLUE 5","Extreme Values (More than 540 Dual Eligible Users)","BLUE 4","Top 25% Excl. Extreme Values (46.86% - 78.34% of Total Users)","BLUE 1","Lowest 25% (Less than 6.10% of Total FFS Beneficiaries)","BLUE 5","Extreme Values (More than $634,510.53 )"," "," "," "," "," "," "," "," "," "," "
"2021-01-01 to 2021-12-31","Home Health",COUNTY,MI,WAYNE,26,163,"169,889",202,85.26,10.14%,"17,223",202,"6,847",39.75%,15.59%,"$84,237,827.95",No,"BLUE 5","Extreme Values (More than 22,833 Beneficiaries)","BLUE 5","Extreme Values (More than 16 Providers)","BLUE 3","Third Lowest 25% (69.50 - 125.32 Users)","BLUE 4","Top 25% Excl. Extreme Values (8.57% - 13.74% of Users)","BLUE 5","Extreme Values (More than 1,677 Users)","BLUE 5","Extreme Values (More than 16.99 Providers)","BLUE 5","Extreme Values (More than 342 Dual Eligible Users)","BLUE 5","Extreme Values (More than 39.10% of Total Users)","BLUE 4","Top 25% Excl. Extreme Values (11.86% - 18.88% of Total FFS Beneficiaries)","BLUE 5","Extreme Values (More than $8,993,312.15 )"," "," "," "," "," "," "," "," "," "," "
"2021-01-01 to 2021-12-31",Hospice,COUNTY,MI,WAYNE,26,163,"169,889",40,89.40,2.10%,"3,576",40,"1,016",28.41%,2.31%,"$39,926,456.08",No,"BLUE 5","Extreme Values (More than 23,557 Beneficiaries)","BLUE 5","Extreme Values (More than 10 Providers)","BLUE 4","Top 25% Excl. Extreme Values (71.00 - 128.74 Users)","BLUE 2","Second Lowest 25% (1.99% - 2.42% of Users)","BLUE 5","Extreme Values (More than 590 Users)","BLUE 5","Extreme Values (More than 10.99 Providers)","BLUE 5","Extreme Values (More than 130 Dual Eligible Users)","BLUE 4","Top 25% Excl. Extreme Values (24.73% - 42.33% of Total Users)","BLUE 1","Lowest 25% (Less than 2.53% of Total FFS Beneficiaries)","BLUE 5","Extreme Values (More than $7,614,863.79 )"," "," "," "," "," "," "," "," "," "," "
"2021-01-01 to 2021-12-31","Independent Diagnostic Testing Facility Pt A",COUNTY,MI,WAYNE,26,163,"169,889",87,936.26,47.95%,"81,455",87,"22,591",27.73%,51.42%,"$209,763,786.53",No,"BLUE 5","Extreme Values (More than 21,851 Beneficiaries)","BLUE 5","Extreme Values (More than 36 Providers)","BLUE 5","Extreme Values (More than 630.11 Users)","BLUE 3","Third Lowest 25% (44.64% - 53.08% of Users)","BLUE 5","Extreme Values (More than 11,158 Users)","BLUE 5","Extreme Values (More than 36.99 Providers)","BLUE 5","Extreme Values (More than 1,620 Dual Eligible Users)","BLUE 4","Top 25% Excl. Extreme Values (17.77% - 30.20% of Total Users)","BLUE 3","Third Lowest 25% (46.98% - 55.08% of Total FFS Beneficiaries)","BLUE 5","Extreme Values (More than $28,738,343.16 )"," "," "," "," "," "," "," "," "," "," "
"2021-01-01 to 2021-12-31","Independent Diagnostic Testing Facility Pt B",COUNTY,MI,WAYNE,26,163,"169,271",44,156.43,4.07%,"6,883",44,"2,477",35.99%,5.71%,"$2,382,959.68",No,"BLUE 5","Extreme Values (More than 22,829 Beneficiaries)","BLUE 5","Extreme Values (More than 21 Providers)","BLUE 5","Extreme Values (More than 125.62 Users)","BLUE 2","Second Lowest 25% (3.43% - 4.62% of Users)","BLUE 5","Extreme Values (More than 1,240 Users)","BLUE 5","Extreme Values (More than 21.99 Providers)","BLUE 5","Extreme Values (More than 204 Dual Eligible Users)","BLUE 5","Extreme Values (More than 32.44% of Total Users)","BLUE 3","Third Lowest 25% (4.94% - 6.84% of Total FFS Beneficiaries)","BLUE 5","Extreme Values (More than $391,035.75 )"," "," "," "," "," "," "," "," "," "," "
"2021-01-01 to 2021-12-31","Long-Term Care Hospitals",COUNTY,MI,WAYNE,26,163,"169,889",7,70.57,0.29%,494,7,260,52.63%,0.59%,"$26,463,205.68",No,"BLUE 5","Extreme Values (More than 74,952 Beneficiaries)","BLUE 5","Extreme Values (More than 2 Providers)","BLUE 4","Top 25% Excl. Extreme Values (52.00 - 96.99 Users)","BLUE 3","Third Lowest 25% (0.20% - 0.37% of Users)","BLUE 5","Extreme Values (More than 112 Users)","BLUE 5","Extreme Values (More than 2.49 Providers)","BLUE 5","Extreme Values (More than 76 Dual Eligible Users)","BLUE 4","Top 25% Excl. Extreme Values (42.98% - 70.60% of Total Users)","BLUE 3","Third Lowest 25% (0.59% - 1.07% of Total FFS Beneficiaries)","BLUE 5","Extreme Values (More than $5,357,047.63 )"," "," "," "," "," "," "," "," "," "," "
"2021-01-01 to 2021-12-31",Neurology,COUNTY,MI,WAYNE,26,163,"170,506",71,48.38,2.01%,"3,435",71,"1,406",40.93%,3.18%,"$684,030.74",No,"BLUE 5","Extreme Values (More than 28,729 Beneficiaries)","BLUE 5","Extreme Values (More than 7 Providers)","BLUE 2","Second Lowest 25% (37.67 - 48.99 Users)","BLUE 4","Top 25% Excl. Extreme Values (1.28% - 2.07% of Users)","BLUE 5","Extreme Values (More than 295 Users)","BLUE 5","Extreme Values (More than 7.49 Providers)","BLUE 5","Extreme Values (More than 104 Dual Eligible Users)","BLUE 4","Top 25% Excl. Extreme Values (26.15% - 45.75% of Total Users)","BLUE 4","Top 25% Excl. Extreme Values (2.00% - 3.21% of Total FFS Beneficiaries)","BLUE 5","Extreme Values (More than $43,008.63 )"," "," "," "," "," "," "," "," "," "," "
"2021-01-01 to 2021-12-31",Ophthalmology,COUNTY,MI,WAYNE,26,163,"169,271",435,104.14,26.76%,"45,299",435,"10,233",22.59%,23.58%,"$29,136,026.92",No,"BLUE 5","Extreme Values (More than 21,922 Beneficiaries)","BLUE 5","Extreme Values (More than 92 Providers)","BLUE 4","Top 25% Excl. Extreme Values (81.49 - 146.01 Users)","BLUE 1","Lowest 25% (Less than 28.14% of Users)","BLUE 5","Extreme Values (More than 7,204 Users)","BLUE 5","Extreme Values (More than 92.99 Providers)","BLUE 5","Extreme Values (More than 737 Dual Eligible Users)","BLUE 4","Top 25% Excl. Extreme Values (13.90% - 24.60% of Total Users)","BLUE 2","Second Lowest 25% (20.74% - 23.87% of Total FFS Beneficiaries)","BLUE 5","Extreme Values (More than $4,194,003.04 )"," "," "," "," "," "," "," "," "," "," "
"2021-01-01 to 2021-12-31","Physical & Occupational Therapy",COUNTY,MI,WAYNE,26,163,"169,271",430,25.26,6.42%,"10,860",430,"2,731",25.15%,6.29%,"$13,555,159.10",No,"BLUE 5","Extreme Values (More than 22,798 Beneficiaries)","BLUE 5","Extreme Values (More than 48 Providers)","BLUE 1","Lowest 25% (Less than 29.25 Users)","BLUE 3","Third Lowest 25% (5.80% - 8.45% of Users)","BLUE 5","Extreme Values (More than 1,702 Users)","BLUE 5","Extreme Values (More than 48.49 Providers)","BLUE 5","Extreme Values (More than 215 Dual Eligible Users)","BLUE 4","Top 25% Excl. Extreme Values (14.34% - 25.73% of Total Users)","BLUE 3","Third Lowest 25% (4.73% - 6.63% of Total FFS Beneficiaries)","BLUE 5","Extreme Values (More than $1,571,131.89 )"," "," "," "," "," "," "," "," "," "," "
"2021-01-01 to 2021-12-31","Podiatry Services",COUNTY,MI,WAYNE,26,163,"170,209",278,108.21,17.67%,"30,082",278,"11,008",36.59%,24.92%,"$7,985,963.92",No,"BLUE 5","Extreme Values (More than 22,389 Beneficiaries)","BLUE 5","Extreme Values (More than 30 Providers)","BLUE 4","Top 25% Excl. Extreme Values (95.54 - 179.34 Users)","BLUE 4","Top 25% Excl. Extreme Values (11.66% - 18.88% of Users)","BLUE 5","Extreme Values (More than 2,415 Users)","BLUE 5","Extreme Values (More than 30.49 Providers)","BLUE 5","Extreme Values (More than 463 Dual Eligible Users)","BLUE 4","Top 25% Excl. Extreme Values (25.08% - 43.00% of Total Users)","BLUE 4","Top 25% Excl. Extreme Values (17.34% - 28.34% of Total FFS Beneficiaries)","BLUE 5","Extreme Values (More than $483,351.51 )"," "," "," "," "," "," "," "," "," "," "
"2021-01-01 to 2021-12-31","Preventive Health Services",COUNTY,MI,WAYNE,26,163,"169,271","1,963",46.46,53.88%,"91,198","1,963.00","24,948",27.36%,57.49%,"$15,461,669.45",No,"BLUE 5","Extreme Values (More than 21,929 Beneficiaries)","BLUE 5","Extreme Values (More than 244 Providers)","BLUE 3","Third Lowest 25% (45.64 - 58.48 Users)","BLUE 2","Second Lowest 25% (46.82% - 55.33% of Users)","BLUE 5","Extreme Values (More than 13,005 Users)","BLUE 5","Extreme Values (More than 244.49 Providers)","BLUE 5","Extreme Values (More than 1,563 Dual Eligible Users)","BLUE 4","Top 25% Excl. Extreme Values (15.88% - 27.56% of Total Users)","BLUE 4","Top 25% Excl. Extreme Values (57.01% - 80.98% of Total FFS Beneficiaries)","BLUE 5","Extreme Values (More than $2,113,863.52 )"," "," "," "," "," "," "," "," "," "," "
"2021-01-01 to 2021-12-31",Psychotherapy,COUNTY,MI,WAYNE,26,163,"169,271",400,33.82,7.99%,"13,527",400,"7,091",52.42%,16.34%,"$9,953,749.10",No,"BLUE 5","Extreme Values (More than 23,179 Beneficiaries)","BLUE 5","Extreme Values (More than 27 Providers)","BLUE 1","Lowest 25% (Less than 36.00 Users)","BLUE 5","Extreme Values (More than 7.44% of Users)","BLUE 5","Extreme Values (More than 1,011 Users)","BLUE 5","Extreme Values (More than 27.49 Providers)","BLUE 5","Extreme Values (More than 367 Dual Eligible Users)","BLUE 4","Top 25% Excl. Extreme Values (43.97% - 69.01% of Total Users)","BLUE 4","Top 25% Excl. Extreme Values (13.39% - 22.77% of Total FFS Beneficiaries)","BLUE 5","Extreme Values (More than $575,520.78 )"," "," "," "," "," "," "," "," "," "," "
"2021-01-01 to 2021-12-31",Pulmonology,COUNTY,MI,WAYNE,26,163,"169,727","1,280",30.07,22.67%,"38,484","1,280.00","11,396",29.61%,25.80%,"$6,733,115.23",No,"BLUE 5","Extreme Values (More than 21,998 Beneficiaries)","BLUE 5","Extreme Values (More than 138 Providers)","BLUE 1","Lowest 25% (Less than 37.73 Users)","BLUE 3","Third Lowest 25% (21.95% - 24.74% of Users)","BLUE 5","Extreme Values (More than 5,153 Users)","BLUE 5","Extreme Values (More than 138.99 Providers)","BLUE 5","Extreme Values (More than 728 Dual Eligible Users)","BLUE 4","Top 25% Excl. Extreme Values (17.59% - 29.61% of Total Users)","BLUE 4","Top 25% Excl. Extreme Values (24.90% - 33.29% of Total FFS Beneficiaries)","BLUE 5","Extreme Values (More than $857,128.34 )"," "," "," "," "," "," "," "," "," "," "
"2021-01-01 to 2021-12-31","Skilled Nursing Facility",COUNTY,MI,WAYNE,26,163,"169,889",108,58.38,3.71%,"6,305",108,"2,573",40.81%,5.86%,"$95,882,756.23",No,"BLUE 5","Extreme Values (More than 23,634 Beneficiaries)","BLUE 5","Extreme Values (More than 15 Providers)","BLUE 3","Third Lowest 25% (49.00 - 62.99 Users)","BLUE 3","Third Lowest 25% (3.15% - 3.82% of Users)","BLUE 5","Extreme Values (More than 779 Users)","BLUE 5","Extreme Values (More than 15.99 Providers)","BLUE 5","Extreme Values (More than 213 Dual Eligible Users)","BLUE 4","Top 25% Excl. Extreme Values (34.48% - 56.19% of Total Users)","BLUE 2","Second Lowest 25% (4.80% - 6.18% of Total FFS Beneficiaries)","BLUE 5","Extreme Values (More than $12,834,130.71 )"," "," "," "," "," "," "," "," "," "," "
"2021-01-01 to 2021-12-31",Telemedicine,COUNTY,MI,WAYNE,26,163,"169,271",335,43.22,8.55%,"14,480",335,"6,124",42.29%,14.11%,"$4,247,867.70",No,"BLUE 5","Extreme Values (More than 22,483 Beneficiaries)","BLUE 5","Extreme Values (More than 19 Providers)","BLUE 2","Second Lowest 25% (42.20 - 53.85 Users)","BLUE 4","Top 25% Excl. Extreme Values (5.12% - 8.82% of Users)","BLUE 5","Extreme Values (More than 910 Users)","BLUE 5","Extreme Values (More than 19.99 Providers)","BLUE 5","Extreme Values (More than 301 Dual Eligible Users)","BLUE 4","Top 25% Excl. Extreme Values (39.68% - 65.86% of Total Users)","BLUE 4","Top 25% Excl. Extreme Values (11.86% - 20.23% of Total FFS Beneficiaries)","BLUE 5","Extreme Values (More than $200,323.74 )"," "," "," "," "," "," "," "," "," "," "
"2021-04-01 to 2022-03-31","Ambulance (Emergency & Non-Emergency)",COUNTY,MI,WAYNE,26,163,"168,751",67,310.91,12.34%,"20,831",67,"8,989",43.15%,20.78%,"$18,280,682.22",No,"BLUE 5","Extreme Values (More than 22,159 Beneficiaries)","BLUE 5","Extreme Values (More than 20 Providers)","BLUE 5","Extreme Values (More than 262.04 Users)","BLUE 3","Third Lowest 25% (11.19% - 12.80% of Users)","BLUE 5","Extreme Values (More than 2,613 Users)","BLUE 5","Extreme Values (More than 20.49 Providers)","BLUE 5","Extreme Values (More than 642 Dual Eligible Users)","BLUE 4","Top 25% Excl. Extreme Values (30.09% - 48.44% of Total Users)","BLUE 3","Third Lowest 25% (20.28% - 22.75% of Total FFS Beneficiaries)","BLUE 5","Extreme Values (More than $2,375,067.32 )"," "," "," "," "," "," "," "," "," "," "
"2021-04-01 to 2022-03-31","Ambulance (Emergency)",COUNTY,MI,WAYNE,26,163,"168,751",65,280.88,10.82%,"18,257",65,"7,943",43.51%,18.36%,"$12,365,846.20",No,"BLUE 5","Extreme Values (More than 22,257 Beneficiaries)","BLUE 5","Extreme Values (More than 14 Providers)","BLUE 4","Top 25% Excl. Extreme Values (176.00 - 343.99 Users)","BLUE 3","Third Lowest 25% (10.08% - 11.54% of Users)","BLUE 5","Extreme Values (More than 2,383 Users)","BLUE 5","Extreme Values (More than 14.49 Providers)","BLUE 5","Extreme Values (More than 611 Dual Eligible Users)","BLUE 4","Top 25% Excl. Extreme Values (30.77% - 49.42% of Total Users)","BLUE 2","Second Lowest 25% (15.61% - 18.64% of Total FFS Beneficiaries)","BLUE 5","Extreme Values (More than $1,682,018.37 )"," "," "," "," "," "," "," "," "," "," "
"2021-04-01 to 2022-03-31","Ambulance (Non-Emergency)",COUNTY,MI,WAYNE,26,163,"168,751",67,142.85,5.67%,"9,571",67,"4,427",46.25%,10.24%,"$5,819,371.52",No,"BLUE 5","Extreme Values (More than 23,543 Beneficiaries)","BLUE 5","Extreme Values (More than 22 Providers)","BLUE 5","Extreme Values (More than 87.88 Users)","BLUE 4","Top 25% Excl. Extreme Values (4.94% - 9.00% of Users)","BLUE 5","Extreme Values (More than 881 Users)","BLUE 5","Extreme Values (More than 22.99 Providers)","BLUE 5","Extreme Values (More than 262 Dual Eligible Users)","BLUE 4","Top 25% Excl. Extreme Values (33.82% - 54.54% of Total Users)","BLUE 4","Top 25% Excl. Extreme Values (10.00% - 16.91% of Total FFS Beneficiaries","BLUE 5","Extreme Values (More than $665,714.88 )"," "," "," "," "," "," "," "," "," "," "
"2021-04-01 to 2022-03-31","Cardiac Rehabilitation Program",COUNTY,MI,WAYNE,26,163,"168,930",13,58.85,0.45%,765,13,117,15.29%,0.27%,"$3,858,471.14",No,"BLUE 5","Extreme Values (More than 34,402 Beneficiaries)","BLUE 5","Extreme Values (More than 3 Providers)","BLUE 4","Top 25% Excl. Extreme Values (54.00 - 100.49 Users)","BLUE 2","Second Lowest 25% (0.39% - 0.56% of Users)","BLUE 5","Extreme Values (More than 173 Users)","BLUE 5","Extreme Values (More than 3.49 Providers)","BLUE 5","Extreme Values (More than 52 Dual Eligible Users)","BLUE 4","Top 25% Excl. Extreme Values (13.95% - 25.96% of Total Users)","BLUE 2","Second Lowest 25% (0.20% - 0.35% of Total FFS Beneficiaries)","BLUE 5","Extreme Values (More than $1,207,255.10 )"," "," "," "," "," "," "," "," "," "," "
"2021-04-01 to 2022-03-31","Chiropractic Services",COUNTY,MI,WAYNE,26,163,"168,751",158,33.35,3.12%,"5,269",158,584,11.08%,1.35%,"$2,060,841.07",No,"BLUE 5","Extreme Values (More than 23,020 Beneficiaries)","BLUE 5","Extreme Values (More than 24 Providers)","BLUE 1","Lowest 25% (Less than 36.00 Users)","BLUE 2","Second Lowest 25% (2.69% - 4.27% of Users)","BLUE 5","Extreme Values (More than 1,183 Users)","BLUE 5","Extreme Values (More than 24.49 Providers)","BLUE 5","Extreme Values (More than 111 Dual Eligible Users)","BLUE 4","Top 25% Excl. Extreme Values (10.19% - 18.62% of Total Users","BLUE 1","Lowest 25% (Less than 1.60% of Total FFS Beneficiaries)","BLUE 5","Extreme Values (More than $309,794.01 )"," "," "," "," "," "," "," "," "," "," "
"2021-04-01 to 2022-03-31","Clinical Laboratory (Billing Independently)",COUNTY,MI,WAYNE,26,163,"168,751",166,268.25,26.39%,"44,530",166,"17,219",38.67%,39.81%,"$21,512,277.85",No,"BLUE 5","Extreme Values (More than 21,898 Beneficiaries)","BLUE 5","Extreme Values (More than 55 Providers)","BLUE 4","Top 25% Excl. Extreme Values (150.03 - 285.29 Users)","BLUE 2","Second Lowest 25% (20.69% - 35.54% of Users)","BLUE 5","Extreme Values (More than 8,371 Users)","BLUE 5","Extreme Values (More than 55.49 Providers)","BLUE 5","Extreme Values (More than 1,260 Dual Eligible Users)","BLUE 5","Extreme Values (More than 32.70% of Total Users)","BLUE 3","Third Lowest 25% (39.72% - 53.17% of Total FFS Beneficiaries)","BLUE 5","Extreme Values (More than $2,376,290.14 )"," "," "," "," "," "," "," "," "," "," "
"2021-04-01 to 2022-03-31",Dialysis,COUNTY,MI,WAYNE,26,163,"168,930",67,38.21,1.52%,"2,560",67,"1,407",54.96%,3.27%,"$59,880,752.03",No,"BLUE 5","Extreme Values (More than 30,030 Beneficiaries)","BLUE 5","Extreme Values (More than 5 Providers)","BLUE 3","Third Lowest 25% (32.47 - 42.24 Users)","BLUE 4","Top 25% Excl. Extreme Values (0.98% - 1.65% of Users)","BLUE 5","Extreme Values (More than 207 Users)","BLUE 5","Extreme Values (More than 5.99 Providers)","BLUE 5","Extreme Values (More than 125 Dual Eligible Users)","BLUE 4","Top 25% Excl. Extreme Values (45.36% - 69.34% of Total Users)","BLUE 4","Top 25% Excl. Extreme Values (3.11% - 5.43% of Total FFS Beneficiaries)","BLUE 5","Extreme Values (More than $4,913,913.18 )"," "," "," "," "," "," "," "," "," "," "
"2021-04-01 to 2022-03-31","Federally Qualified Health Center (FQHC)",COUNTY,MI,WAYNE,26,163,"168,930",30,83.53,1.48%,"2,506",30,"1,704",68.00%,3.96%,"$1,053,342.98",No,"BLUE 5","Extreme Values (More than 26,727 Beneficiaries)","BLUE 5","Extreme Values (More than 10 Providers)","BLUE 3","Third Lowest 25% (77.25 - 132.99 Users)","BLUE 2","Second Lowest 25% (1.43% - 3.41% of Users)","BLUE 5","Extreme Values (More than 1,297 Users)","BLUE 5","Extreme Values (More than 10.99 Providers)","BLUE 5","Extreme Values (More than 537 Dual Eligible Users)","BLUE 4","Top 25% Excl. Extreme Values (46.43% - 78.12% of Total Users)","BLUE 1","Lowest 25% (Less than 6.09% of Total FFS Beneficiaries)","BLUE 5","Extreme Values (More than $628,709.88 )"," "," "," "," "," "," "," "," "," "," "
"2021-04-01 to 2022-03-31","Home Health",COUNTY,MI,WAYNE,26,163,"168,930",194,86.78,9.97%,"16,835",194,"6,576",39.06%,15.28%,"$81,360,339.75",No,"BLUE 5","Extreme Values (More than 22,852 Beneficiaries)","BLUE 5","Extreme Values (More than 16 Providers)","BLUE 3","Third Lowest 25% (69.42 - 125.71 Users)","BLUE 4","Top 25% Excl. Extreme Values (8.41% - 13.50% of Users)","BLUE 5","Extreme Values (More than 1,656 Users)","BLUE 5","Extreme Values (More than 16.99 Providers)","BLUE 5","Extreme Values (More than 329 Dual Eligible Users)","BLUE 5","Extreme Values (More than 38.18% of Total Users)","BLUE 4","Top 25% Excl. Extreme Values (11.86% - 19.05% of Total FFS Beneficiaries)","BLUE 5","Extreme Values (More than $8,850,275.56 )"," "," "," "," "," "," "," "," "," "," "
"2021-04-01 to 2022-03-31",Hospice,COUNTY,MI,WAYNE,26,163,"168,930",45,80.40,2.14%,"3,618",45,"1,023",28.28%,2.38%,"$40,078,495.76",No,"BLUE 5","Extreme Values (More than 23,540 Beneficiaries)","BLUE 5","Extreme Values (More than 10 Providers)","BLUE 4","Top 25% Excl. Extreme Values (72.18 - 130.93 Users)","BLUE 2","Second Lowest 25% (2.03% - 2.46% of Users)","BLUE 5","Extreme Values (More than 601 Users)","BLUE 5","Extreme Values (More than 10.99 Providers)","BLUE 5","Extreme Values (More than 132 Dual Eligible Users)","BLUE 4","Top 25% Excl. Extreme Values (24.37% - 41.61% of Total Users)","BLUE 1","Lowest 25% (Less than 2.58% of Total FFS Beneficiaries)","BLUE 5","Extreme Values (More than $7,688,099.94 )"," "," "," "," "," "," "," "," "," "," "
"2021-04-01 to 2022-03-31","Independent Diagnostic Testing Facility Pt A",COUNTY,MI,WAYNE,26,163,"168,930",83,973.75,47.84%,"80,821",83,"22,162",27.42%,51.49%,"$209,038,869.93",No,"BLUE 5","Extreme Values (More than 21,864 Beneficiaries)","BLUE 5","Extreme Values (More than 36 Providers)","BLUE 5","Extreme Values (More than 621.42 Users)","BLUE 3","Third Lowest 25% (44.68% - 53.05% of Users)","BLUE 5","Extreme Values (More than 11,114 Users)","BLUE 5","Extreme Values (More than 36.99 Providers)","BLUE 5","Extreme Values (More than 1,579 Dual Eligible Users)","BLUE 4","Top 25% Excl. Extreme Values (17.51% - 29.67% of Total Users)","BLUE 3","Third Lowest 25% (47.00% - 55.22% of Total FFS Beneficiaries)","BLUE 5","Extreme Values (More than $29,108,384.78 )"," "," "," "," "," "," "," "," "," "," "
"2021-04-01 to 2022-03-31","Independent Diagnostic Testing Facility Pt B",COUNTY,MI,WAYNE,26,163,"168,751",43,156.67,3.99%,"6,737",43,"2,325",34.51%,5.38%,"$2,335,688.32",No,"BLUE 5","Extreme Values (More than 22,778 Beneficiaries)","BLUE 5","Extreme Values (More than 24 Providers)","BLUE 5","Extreme Values (More than 123.51 Users)","BLUE 2","Second Lowest 25% (3.60% - 4.80% of Users)","BLUE 5","Extreme Values (More than 1,299 Users)","BLUE 5","Extreme Values (More than 24.49 Providers)","BLUE 5","Extreme Values (More than 206 Dual Eligible Users)","BLUE 5","Extreme Values (More than 31.24% of Total Users)","BLUE 3","Third Lowest 25% (5.12% - 6.99% of Total FFS Beneficiaries)","BLUE 5","Extreme Values (More than $415,659.45 )"," "," "," "," "," "," "," "," "," "," "
"2021-04-01 to 2022-03-31","Long-Term Care Hospitals",COUNTY,MI,WAYNE,26,163,"168,930",7,65.00,0.27%,455,7,234,51.43%,0.54%,"$23,542,888.93",No,"BLUE 5","Extreme Values (More than 77,072 Beneficiaries)","BLUE 5","Extreme Values (More than 2 Providers)","BLUE 4","Top 25% Excl. Extreme Values (51.50 - 95.74 Users)","BLUE 3","Third Lowest 25% (0.19% - 0.37% of Users)","BLUE 5","Extreme Values (More than 114 Users)","BLUE 5","Extreme Values (More than 2.49 Providers)","BLUE 5","Extreme Values (More than 76 Dual Eligible Users)","BLUE 4","Top 25% Excl. Extreme Values (41.18% - 67.00% of Total Users)","BLUE 2","Second Lowest 25% (0.33% - 0.57% of Total FFS Beneficiaries)","BLUE 5","Extreme Values (More than $5,453,879.77 )"," "," "," "," "," "," "," "," "," "," "
"2021-04-01 to 2022-03-31",Neurology,COUNTY,MI,WAYNE,26,163,"169,542",75,45.67,2.02%,"3,425",75,"1,427",41.66%,3.30%,"$686,505.93",No,"BLUE 5","Extreme Values (More than 28,849 Beneficiaries)","BLUE 5","Extreme Values (More than 7 Providers)","BLUE 2","Second Lowest 25% (38.00 - 48.99 Users)","BLUE 4","Top 25% Excl. Extreme Values (1.26% - 2.03% of Users)","BLUE 5","Extreme Values (More than 302 Users)","BLUE 5","Extreme Values (More than 7.49 Providers)","BLUE 5","Extreme Values (More than 109 Dual Eligible Users)","BLUE 4","Top 25% Excl. Extreme Values (25.00% - 43.37% of Total Users)","BLUE 5","Extreme Values (More than 3.26% of Total FFS Beneficiaries)","BLUE 5","Extreme Values (More than $44,096.42 )"," "," "," "," "," "," "," "," "," "," "
"2021-04-01 to 2022-03-31",Ophthalmology,COUNTY,MI,WAYNE,26,163,"168,751",442,102.58,26.87%,"45,341",442,"10,091",22.26%,23.33%,"$28,781,429.20",No,"BLUE 5","Extreme Values (More than 21,898 Beneficiaries)","BLUE 5","Extreme Values (More than 92 Providers)","BLUE 4","Top 25% Excl. Extreme Values (81.15 - 144.83 Users)","BLUE 1","Lowest 25% (Less than 28.17% of Users)","BLUE 5","Extreme Values (More than 7,212 Users)","BLUE 5","Extreme Values (More than 92.99 Providers)","BLUE 5","Extreme Values (More than 724 Dual Eligible Users)","BLUE 4","Top 25% Excl. Extreme Values (13.61% - 24.00% of Total Users)","BLUE 2","Second Lowest 25% (20.82% - 23.91% of Total FFS Beneficiaries)","BLUE 5","Extreme Values (More than $4,243,139.54 )"," "," "," "," "," "," "," "," "," "," "
"2021-04-01 to 2022-03-31","Physical & Occupational Therapy",COUNTY,MI,WAYNE,26,163,"168,751",447,25.59,6.78%,"11,438",447,"2,888",25.25%,6.68%,"$13,772,329.93",No,"BLUE 5","Extreme Values (More than 22,718 Beneficiaries)","BLUE 5","Extreme Values (More than 50 Providers)","BLUE 1","Lowest 25% (Less than 29.44 Users)","BLUE 3","Third Lowest 25% (6.12% - 8.91% of Users)","BLUE 5","Extreme Values (More than 1,790 Users)","BLUE 5","Extreme Values (More than 50.99 Providers)","BLUE 5","Extreme Values (More than 220 Dual Eligible Users)","BLUE 5","Extreme Values (More than 24.88% of Total Users)","BLUE 3","Third Lowest 25% (4.90% - 6.85% of Total FFS Beneficiaries)","BLUE 5","Extreme Values (More than $1,593,945.11 )"," "," "," "," "," "," "," "," "," "," "
"2021-04-01 to 2022-03-31","Podiatry Services",COUNTY,MI,WAYNE,26,163,"169,242",279,107.16,17.67%,"29,897",279,"10,872",36.36%,25.13%,"$7,752,313.58",No,"BLUE 5","Extreme Values (More than 22,393 Beneficiaries)","BLUE 5","Extreme Values (More than 30 Providers)","BLUE 4","Top 25% Excl. Extreme Values (95.76 - 180.88 Users)","BLUE 4","Top 25% Excl. Extreme Values (11.74% - 18.98% of Users)","BLUE 5","Extreme Values (More than 2,436 Users)","BLUE 5","Extreme Values (More than 30.49 Providers)","BLUE 5","Extreme Values (More than 462 Dual Eligible Users)","BLUE 4","Top 25% Excl. Extreme Values (24.74% - 42.51% of Total Users)","BLUE 4","Top 25% Excl. Extreme Values (17.58% - 28.99% of Total FFS Beneficiaries)","BLUE 5","Extreme Values (More than $478,557.34 )"," "," "," "," "," "," "," "," "," "," "
"2021-04-01 to 2022-03-31","Preventive Health Services",COUNTY,MI,WAYNE,26,163,"168,751","1,948",46.39,53.55%,"90,368","1,948.00","24,679",27.31%,57.06%,"$15,111,570.78",No,"BLUE 5","Extreme Values (More than 21,899 Beneficiaries)","BLUE 5","Extreme Values (More than 246 Providers)","BLUE 3","Third Lowest 25% (45.76 - 58.49 Users)","BLUE 2","Second Lowest 25% (46.84% - 55.28% of Users)","BLUE 5","Extreme Values (More than 13,051 Users)","BLUE 5","Extreme Values (More than 246.99 Providers)","BLUE 5","Extreme Values (More than 1,525 Dual Eligible Users)","BLUE 5","Extreme Values (More than 26.95% of Total Users)","BLUE 3","Third Lowest 25% (49.80% - 57.07% of Total FFS Beneficiaries)","BLUE 5","Extreme Values (More than $2,131,217.61 )"," "," "," "," "," "," "," "," "," "," "
"2021-04-01 to 2022-03-31",Psychotherapy,COUNTY,MI,WAYNE,26,163,"168,751",404,33.12,7.93%,"13,380",404,"6,908",51.63%,15.97%,"$9,684,024.36",No,"BLUE 5","Extreme Values (More than 23,273 Beneficiaries)","BLUE 5","Extreme Values (More than 27 Providers)","BLUE 1","Lowest 25% (Less than 35.97 Users)","BLUE 5","Extreme Values (More than 7.52% of Users)","BLUE 5","Extreme Values (More than 1,018 Users)","BLUE 5","Extreme Values (More than 27.49 Providers)","BLUE 5","Extreme Values (More than 364 Dual Eligible Users)","BLUE 4","Top 25% Excl. Extreme Values (43.18% - 68.10% of Total Users)","BLUE 4","Top 25% Excl. Extreme Values (13.44% - 22.88% of Total FFS Beneficiaries)","BLUE 5","Extreme Values (More than $565,393.99 )"," "," "," "," "," "," "," "," "," "," "
"2021-04-01 to 2022-03-31",Pulmonology,COUNTY,MI,WAYNE,26,163,"168,751","1,274",29.91,22.58%,"38,105","1,274.00","11,157",29.28%,25.79%,"$6,644,828.85",No,"BLUE 5","Extreme Values (More than 21,950 Beneficiaries)","BLUE 5","Extreme Values (More than 138 Providers)","BLUE 1","Lowest 25% (Less than 37.68 Users)","BLUE 3","Third Lowest 25% (21.99% - 24.84% of Users)","BLUE 5","Extreme Values (More than 5,212 Users)","BLUE 5","Extreme Values (More than 138.99 Providers)","BLUE 5","Extreme Values (More than 707 Dual Eligible Users)","BLUE 5","Extreme Values (More than 28.56% of Total Users)","BLUE 4","Top 25% Excl. Extreme Values (24.92% - 33.28% of Total FFS Beneficiaries)","BLUE 5","Extreme Values (More than $855,521.39 )"," "," "," "," "," "," "," "," "," "," "
"2021-04-01 to 2022-03-31","Skilled Nursing Facility",COUNTY,MI,WAYNE,26,163,"168,930",109,57.54,3.71%,"6,272",109,"2,606",41.55%,6.05%,"$95,987,786.41",No,"BLUE 5","Extreme Values (More than 23,735 Beneficiaries)","BLUE 5","Extreme Values (More than 15 Providers)","BLUE 3","Third Lowest 25% (48.75 - 63.10 Users)","BLUE 3","Third Lowest 25% (3.16% - 3.82% of Users)","BLUE 5","Extreme Values (More than 779 Users)","BLUE 5","Extreme Values (More than 15.99 Providers)","BLUE 5","Extreme Values (More than 209 Dual Eligible Users)","BLUE 4","Top 25% Excl. Extreme Values (33.36% - 54.48% of Total Users)","BLUE 2","Second Lowest 25% (4.80% - 6.13% of Total FFS Beneficiaries)","BLUE 5","Extreme Values (More than $13,051,293.07 )"," "," "," "," "," "," "," "," "," "," "
"2021-04-01 to 2022-03-31",Telemedicine,COUNTY,MI,WAYNE,26,163,"168,751",329,43.45,8.47%,"14,294",329,"6,162",43.11%,14.25%,"$4,060,133.98",No,"BLUE 5","Extreme Values (More than 22,603 Beneficiaries)","BLUE 5","Extreme Values (More than 17 Providers)","BLUE 2","Second Lowest 25% (42.50 - 54.19 Users)","BLUE 5","Extreme Values (More than 8.42% of Users)","BLUE 5","Extreme Values (More than 855 Users)","BLUE 5","Extreme Values (More than 17.49 Providers)","BLUE 5","Extreme Values (More than 282 Dual Eligible Users)","BLUE 4","Top 25% Excl. Extreme Values (39.69% - 66.09% of Total Users)","BLUE 4","Top 25% Excl. Extreme Values (11.28% - 19.28% of Total FFS Beneficiaries)","BLUE 5","Extreme Values (More than $185,016.55 )"," "," "," "," "," "," "," "," "," "," "
"2021-07-01 to 2022-06-30","Ambulance (Emergency & Non-Emergency)",COUNTY,MI,WAYNE,26,163,"168,670",69,295.23,12.08%,"20,371",69,"8,660",42.51%,20.15%,"$17,622,382.36",No,"BLUE 5","Extreme Values (More than 22,265 Beneficiaries)","BLUE 5","Extreme Values (More than 20 Providers)","BLUE 5","Extreme Values (More than 262.22 Users)","BLUE 3","Third Lowest 25% (11.06% - 12.57% of Users)","BLUE 5","Extreme Values (More than 2,558 Users)","BLUE 5","Extreme Values (More than 20.49 Providers)","BLUE 5","Extreme Values (More than 628 Dual Eligible Users)","BLUE 4","Top 25% Excl. Extreme Values (29.58% - 47.56% of Total Users)","BLUE 3","Third Lowest 25% (19.97% - 22.43% of Total FFS Beneficiaries)","BLUE 5","Extreme Values (More than $2,312,303.53 )"," "," "," "," "," "," "," "," "," "," "
"2021-07-01 to 2022-06-30","Ambulance (Emergency)",COUNTY,MI,WAYNE,26,163,"168,670",66,270.61,10.59%,"17,860",66,"7,651",42.84%,17.80%,"$12,067,679.36",No,"BLUE 5","Extreme Values (More than 22,297 Beneficiaries)","BLUE 5","Extreme Values (More than 14 Providers)","BLUE 4","Top 25% Excl. Extreme Values (176.45 - 346.11 Users)","BLUE 3","Third Lowest 25% (9.99% - 11.37% of Users)","BLUE 5","Extreme Values (More than 2,339 Users)","BLUE 5","Extreme Values (More than 14.49 Providers)","BLUE 5","Extreme Values (More than 599 Dual Eligible Users)","BLUE 4","Top 25% Excl. Extreme Values (30.16% - 48.30% of Total Users)","BLUE 2","Second Lowest 25% (15.21% - 18.31% of Total FFS Beneficiaries)","BLUE 5","Extreme Values (More than $1,666,659.63 )"," "," "," "," "," "," "," "," "," "," "
"2021-07-01 to 2022-06-30","Ambulance (Non-Emergency)",COUNTY,MI,WAYNE,26,163,"168,670",69,134.84,5.52%,"9,304",69,"4,244",45.61%,9.88%,"$5,462,788.32",No,"BLUE 5","Extreme Values (More than 23,700 Beneficiaries)","BLUE 5","Extreme Values (More than 22 Providers)","BLUE 5","Extreme Values (More than 85.87 Users)","BLUE 4","Top 25% Excl. Extreme Values (4.84% - 8.79% of Users)","BLUE 5","Extreme Values (More than 868 Users)","BLUE 5","Extreme Values (More than 22.99 Providers)","BLUE 5","Extreme Values (More than 255 Dual Eligible Users)","BLUE 4","Top 25% Excl. Extreme Values (33.33% - 53.57% of Total Users)","BLUE 3","Third Lowest 25% (7.48% - 9.89% of Total FFS Beneficiaries)","BLUE 5","Extreme Values (More than $623,960.82 )"," "," "," "," "," "," "," "," "," "," "
"2021-07-01 to 2022-06-30","Cardiac Rehabilitation Program",COUNTY,MI,WAYNE,26,163,"168,861",13,58.85,0.45%,765,13,124,16.21%,0.29%,"$3,612,439.21",No,"BLUE 5","Extreme Values (More than 34,402 Beneficiaries)","BLUE 5","Extreme Values (More than 3 Providers)","BLUE 4","Top 25% Excl. Extreme Values (54.50 - 101.74 Users)","BLUE 2","Second Lowest 25% (0.40% - 0.56% of Users)","BLUE 5","Extreme Values (More than 177 Users)","BLUE 5","Extreme Values (More than 3.49 Providers)","BLUE 5","Extreme Values (More than 55 Dual Eligible Users)","BLUE 4","Top 25% Excl. Extreme Values (13.44% - 24.37% of Total Users)","BLUE 2","Second Lowest 25% (0.19% - 0.33% of Total FFS Beneficiaries)","BLUE 5","Extreme Values (More than $1,184,640.03 )"," "," "," "," "," "," "," "," "," "," "
"2021-07-01 to 2022-06-30","Chiropractic Services",COUNTY,MI,WAYNE,26,163,"168,670",159,33.35,3.14%,"5,303",159,584,11.01%,1.36%,"$2,033,916.54",No,"BLUE 5","Extreme Values (More than 22,934 Beneficiaries)","BLUE 5","Extreme Values (More than 24 Providers)","BLUE 1","Lowest 25% (Less than 36.00 Users)","BLUE 2","Second Lowest 25% (2.69% - 4.22% of Users)","BLUE 5","Extreme Values (More than 1,183 Users)","BLUE 5","Extreme Values (More than 24.49 Providers)","BLUE 5","Extreme Values (More than 111 Dual Eligible Users)","BLUE 4","Top 25% Excl. Extreme Values (9.87% - 17.98% of Total Users)","BLUE 1","Lowest 25% (Less than 1.58% of Total FFS Beneficiaries)","BLUE 5","Extreme Values (More than $298,591.66 )"," "," "," "," "," "," "," "," "," "," "
"2021-07-01 to 2022-06-30","Clinical Laboratory (Billing Independently)",COUNTY,MI,WAYNE,26,163,"168,670",171,259.40,26.30%,"44,357",171,"16,992",38.31%,39.54%,"$20,044,411.29",No,"BLUE 5","Extreme Values (More than 21,950 Beneficiaries)","BLUE 5","Extreme Values (More than 55 Providers)","BLUE 4","Top 25% Excl. Extreme Values (150.35 - 287.07 Users)","BLUE 2","Second Lowest 25% (20.50% - 35.29% of Users)","BLUE 5","Extreme Values (More than 8,361 Users)","BLUE 5","Extreme Values (More than 55.49 Providers)","BLUE 5","Extreme Values (More than 1,208 Dual Eligible Users)","BLUE 5","Extreme Values (More than 32.13% of Total Users)","BLUE 3","Third Lowest 25% (39.32% - 52.54% of Total FFS Beneficiaries)","BLUE 5","Extreme Values (More than $2,286,428.54 )"," "," "," "," "," "," "," "," "," "," "
"2021-07-01 to 2022-06-30",Dialysis,COUNTY,MI,WAYNE,26,163,"168,861",67,37.67,1.49%,"2,524",67,"1,389",55.03%,3.25%,"$57,414,168.56",No,"BLUE 5","Extreme Values (More than 30,256 Beneficiaries)","BLUE 5","Extreme Values (More than 5 Providers)","BLUE 3","Third Lowest 25% (32.00 - 41.99 Users)","BLUE 4","Top 25% Excl. Extreme Values (0.97% - 1.64% of Users)","BLUE 5","Extreme Values (More than 206 Users)","BLUE 5","Extreme Values (More than 5.99 Providers)","BLUE 5","Extreme Values (More than 123 Dual Eligible Users)","BLUE 4","Top 25% Excl. Extreme Values (44.83% - 68.46% of Total Users)","BLUE 4","Top 25% Excl. Extreme Values (3.04% - 5.28% of Total FFS Beneficiaries)","BLUE 5","Extreme Values (More than $4,755,794.71 )"," "," "," "," "," "," "," "," "," "," "
"2021-07-01 to 2022-06-30","Federally Qualified Health Center (FQHC)",COUNTY,MI,WAYNE,26,163,"168,861",28,87.00,1.44%,"2,436",28,"1,637",67.20%,3.83%,"$1,023,847.98",No,"BLUE 5","Extreme Values (More than 26,782 Beneficiaries)","BLUE 5","Extreme Values (More than 10 Providers)","BLUE 3","Third Lowest 25% (77.13 - 133.99 Users)","BLUE 2","Second Lowest 25% (1.39% - 3.38% of Users)","BLUE 5","Extreme Values (More than 1,281 Users)","BLUE 5","Extreme Values (More than 10.99 Providers)","BLUE 5","Extreme Values (More than 511 Dual Eligible Users)","BLUE 4","Top 25% Excl. Extreme Values (45.95% - 77.37% of Total Users)","BLUE 1","Lowest 25% (Less than 6.05% of Total FFS Beneficiaries)","BLUE 5","Extreme Values (More than $618,071.84 )"," "," "," "," "," "," "," "," "," "," "
"2021-07-01 to 2022-06-30","Home Health",COUNTY,MI,WAYNE,26,163,"168,861",192,84.91,9.65%,"16,302",192,"6,316",38.74%,14.76%,"$79,324,979.87",No,"BLUE 5","Extreme Values (More than 22,788 Beneficiaries)","BLUE 5","Extreme Values (More than 14 Providers)","BLUE 3","Third Lowest 25% (68.60 - 122.99 Users)","BLUE 4","Top 25% Excl. Extreme Values (8.20% - 13.19% of Users)","BLUE 5","Extreme Values (More than 1,618 Users)","BLUE 5","Extreme Values (More than 14.49 Providers)","BLUE 5","Extreme Values (More than 315 Dual Eligible Users)","BLUE 5","Extreme Values (More than 37.90% of Total Users)","BLUE 4","Top 25% Excl. Extreme Values (11.46% - 18.43% of Total FFS Beneficiaries)","BLUE 5","Extreme Values (More than $8,602,170.97 )"," "," "," "," "," "," "," "," "," "," "
"2021-07-01 to 2022-06-30",Hospice,COUNTY,MI,WAYNE,26,163,"168,861",45,79.31,2.11%,"3,569",45,"1,003",28.10%,2.34%,"$40,142,711.34",No,"BLUE 5","Extreme Values (More than 23,491 Beneficiaries)","BLUE 5","Extreme Values (More than 10 Providers)","BLUE 4","Top 25% Excl. Extreme Values (72.78 - 132.44 Users)","BLUE 2","Second Lowest 25% (2.03% - 2.47% of Users)","BLUE 5","Extreme Values (More than 598 Users)","BLUE 5","Extreme Values (More than 10.99 Providers)","BLUE 5","Extreme Values (More than 127 Dual Eligible Users)","BLUE 4","Top 25% Excl. Extreme Values (24.24% - 41.53% of Total Users)","BLUE 1","Lowest 25% (Less than 2.60% of Total FFS Beneficiaries)","BLUE 5","Extreme Values (More than $7,761,961.08 )"," "," "," "," "," "," "," "," "," "," "
"2021-07-01 to 2022-06-30","Independent Diagnostic Testing Facility Pt A",COUNTY,MI,WAYNE,26,163,"168,861",86,929.60,47.34%,"79,946",86,"21,715",27.16%,50.75%,"$207,087,916.79",No,"BLUE 5","Extreme Values (More than 21,885 Beneficiaries)","BLUE 5","Extreme Values (More than 36 Providers)","BLUE 5","Extreme Values (More than 617.74 Users)","BLUE 3","Third Lowest 25% (44.16% - 52.52% of Users)","BLUE 5","Extreme Values (More than 11,104 Users)","BLUE 5","Extreme Values (More than 36.99 Providers)","BLUE 5","Extreme Values (More than 1,531 Dual Eligible Users)","BLUE 4","Top 25% Excl. Extreme Values (17.07% - 28.90% of Total Users)","BLUE 3","Third Lowest 25% (46.09% - 54.30% of Total FFS Beneficiaries)","BLUE 5","Extreme Values (More than $29,012,076.51 )"," "," "," "," "," "," "," "," "," "," "
"2021-07-01 to 2022-06-30","Independent Diagnostic Testing Facility Pt B",COUNTY,MI,WAYNE,26,163,"168,670",43,153.58,3.92%,"6,604",43,"2,235",33.84%,5.20%,"$2,338,240.64",No,"BLUE 5","Extreme Values (More than 22,811 Beneficiaries)","BLUE 5","Extreme Values (More than 21 Providers)","BLUE 5","Extreme Values (More than 122.07 Users)","BLUE 2","Second Lowest 25% (3.62% - 4.79% of Users)","BLUE 5","Extreme Values (More than 1,290 Users)","BLUE 5","Extreme Values (More than 21.99 Providers)","BLUE 5","Extreme Values (More than 201 Dual Eligible Users)","BLUE 5","Extreme Values (More than 30.61% of Total Users)","BLUE 3","Third Lowest 25% (5.03% - 6.81% of Total FFS Beneficiaries)","BLUE 5","Extreme Values (More than $423,664.27 )"," "," "," "," "," "," "," "," "," "," "
"2021-07-01 to 2022-06-30","Long-Term Care Hospitals",COUNTY,MI,WAYNE,26,163,"168,861",7,63.14,0.26%,442,7,230,52.04%,0.54%,"$21,628,771.42",No,"BLUE 5","Extreme Values (More than 79,971 Beneficiaries)","BLUE 5","Extreme Values (More than 2 Providers)","BLUE 4","Top 25% Excl. Extreme Values (50.33 - 94.32 Users)","BLUE 3","Third Lowest 25% (0.19% - 0.37% of Users)","BLUE 5","Extreme Values (More than 112 Users)","BLUE 5","Extreme Values (More than 2.49 Providers)","BLUE 5","Extreme Values (More than 71 Dual Eligible Users)","BLUE 4","Top 25% Excl. Extreme Values (42.86% - 70.78% of Total Users)","BLUE 2","Second Lowest 25% (0.32% - 0.54% of Total FFS Beneficiaries)","BLUE 5","Extreme Values (More than $5,684,499.41 )"," "," "," "," "," "," "," "," "," "," "
"2021-07-01 to 2022-06-30",Neurology,COUNTY,MI,WAYNE,26,163,"169,469",71,47.54,1.99%,"3,375",71,"1,408",41.72%,3.28%,"$679,854.06",No,"BLUE 5","Extreme Values (More than 29,174 Beneficiaries)","BLUE 5","Extreme Values (More than 7 Providers)","BLUE 2","Second Lowest 25% (37.67 - 49.32 Users)","BLUE 4","Top 25% Excl. Extreme Values (1.25% - 2.02% of Users)","BLUE 5","Extreme Values (More than 305 Users)","BLUE 5","Extreme Values (More than 7.49 Providers)","BLUE 5","Extreme Values (More than 104 Dual Eligible Users)","BLUE 4","Top 25% Excl. Extreme Values (24.39% - 42.02% of Total Users)","BLUE 5","Extreme Values (More than 3.21% of Total FFS Beneficiaries)","BLUE 5","Extreme Values (More than $44,216.86 )"," "," "," "," "," "," "," "," "," "," "
"2021-07-01 to 2022-06-30",Ophthalmology,COUNTY,MI,WAYNE,26,163,"168,670",440,102.11,26.64%,"44,929",440,"9,803",21.82%,22.81%,"$28,472,364.39",No,"BLUE 5","Extreme Values (More than 22,015 Beneficiaries)","BLUE 5","Extreme Values (More than 92 Providers)","BLUE 4","Top 25% Excl. Extreme Values (81.38 - 145.11 Users)","BLUE 1","Lowest 25% (Less than 27.71% of Users)","BLUE 5","Extreme Values (More than 7,124 Users)","BLUE 5","Extreme Values (More than 92.99 Providers)","BLUE 5","Extreme Values (More than 687 Dual Eligible Users)","BLUE 4","Top 25% Excl. Extreme Values (13.16% - 23.17% of Total Users)","BLUE 2","Second Lowest 25% (20.16% - 23.15% of Total FFS Beneficiaries)","BLUE 5","Extreme Values (More than $4,234,949.05 )"," "," "," "," "," "," "," "," "," "," "
"2021-07-01 to 2022-06-30","Physical & Occupational Therapy",COUNTY,MI,WAYNE,26,163,"168,670",466,25.05,6.92%,"11,675",466,"2,827",24.21%,6.58%,"$13,997,924.72",No,"BLUE 5","Extreme Values (More than 22,856 Beneficiaries)","BLUE 5","Extreme Values (More than 50 Providers)","BLUE 1","Lowest 25% (Less than 29.31 Users)","BLUE 3","Third Lowest 25% (6.19% - 8.98% of Users)","BLUE 5","Extreme Values (More than 1,809 Users)","BLUE 5","Extreme Values (More than 50.99 Providers)","BLUE 5","Extreme Values (More than 210 Dual Eligible Users)","BLUE 4","Top 25% Excl. Extreme Values (13.41% - 24.29% of Total Users)","BLUE 3","Third Lowest 25% (4.87% - 6.79% of Total FFS Beneficiaries)","BLUE 5","Extreme Values (More than $1,603,484.76 )"," "," "," "," "," "," "," "," "," "," "
"2021-07-01 to 2022-06-30","Podiatry Services",COUNTY,MI,WAYNE,26,163,"169,164",282,105.31,17.56%,"29,698",282,"10,716",36.08%,24.92%,"$7,466,466.30",No,"BLUE 5","Extreme Values (More than 22,506 Beneficiaries)","BLUE 5","Extreme Values (More than 30 Providers)","BLUE 4","Top 25% Excl. Extreme Values (96.20 - 181.53 Users)","BLUE 4","Top 25% Excl. Extreme Values (11.69% - 19.05% of Users)","BLUE 5","Extreme Values (More than 2,452 Users)","BLUE 5","Extreme Values (More than 30.49 Providers)","BLUE 5","Extreme Values (More than 449 Dual Eligible Users)","BLUE 4","Top 25% Excl. Extreme Values (24.23% - 41.68% of Total Users)","BLUE 4","Top 25% Excl. Extreme Values (17.50% - 28.84% of Total FFS Beneficiaries)","BLUE 5","Extreme Values (More than $470,686.48 )"," "," "," "," "," "," "," "," "," "," "
"2021-07-01 to 2022-06-30","Preventive Health Services",COUNTY,MI,WAYNE,26,163,"168,670","1,955",46.06,53.39%,"90,049","1,955.00","24,412",27.11%,56.81%,"$14,916,846.07",No,"BLUE 5","Extreme Values (More than 21,950 Beneficiaries)","BLUE 5","Extreme Values (More than 246 Providers)","BLUE 3","Third Lowest 25% (45.66 - 58.42 Users)","BLUE 2","Second Lowest 25% (46.66% - 55.16% of Users)","BLUE 5","Extreme Values (More than 12,974 Users)","BLUE 5","Extreme Values (More than 246.99 Providers)","BLUE 5","Extreme Values (More than 1,491 Dual Eligible Users)","BLUE 5","Extreme Values (More than 26.61% of Total Users)","BLUE 3","Third Lowest 25% (49.60% - 56.92% of Total FFS Beneficiaries)","BLUE 5","Extreme Values (More than $2,106,066.86 )"," "," "," "," "," "," "," "," "," "," "
"2021-07-01 to 2022-06-30",Psychotherapy,COUNTY,MI,WAYNE,26,163,"168,670",391,33.42,7.75%,"13,066",391,"6,717",51.41%,15.63%,"$9,382,268.89",No,"BLUE 5","Extreme Values (More than 23,367 Beneficiaries)","BLUE 5","Extreme Values (More than 24 Providers)","BLUE 1","Lowest 25% (Less than 36.11 Users)","BLUE 5","Extreme Values (More than 7.49% of Users)","BLUE 5","Extreme Values (More than 1,010 Users)","BLUE 5","Extreme Values (More than 24.99 Providers)","BLUE 5","Extreme Values (More than 366 Dual Eligible Users)","BLUE 4","Top 25% Excl. Extreme Values (42.42% - 66.85% of Total Users)","BLUE 4","Top 25% Excl. Extreme Values (13.24% - 22.61% of Total FFS Beneficiaries)","BLUE 5","Extreme Values (More than $557,525.46 )"," "," "," "," "," "," "," "," "," "," "
"2021-07-01 to 2022-06-30",Pulmonology,COUNTY,MI,WAYNE,26,163,"168,670","1,240",30.41,22.36%,"37,710","1,240.00","10,980",29.12%,25.55%,"$6,549,479.22",No,"BLUE 5","Extreme Values (More than 22,057 Beneficiaries)","BLUE 5","Extreme Values (More than 138 Providers)","BLUE 1","Lowest 25% (Less than 37.85 Users)","BLUE 3","Third Lowest 25% (21.74% - 24.56% of Users)","BLUE 5","Extreme Values (More than 5,159 Users)","BLUE 5","Extreme Values (More than 138.99 Providers)","BLUE 5","Extreme Values (More than 668 Dual Eligible Users)","BLUE 5","Extreme Values (More than 28.01% of Total Users)","BLUE 4","Top 25% Excl. Extreme Values (24.22% - 32.45% of Total FFS Beneficiaries)","BLUE 5","Extreme Values (More than $831,477.60 )"," "," "," "," "," "," "," "," "," "," "
"2021-07-01 to 2022-06-30","Skilled Nursing Facility",COUNTY,MI,WAYNE,26,163,"168,861",105,59.10,3.68%,"6,206",105,"2,549",41.07%,5.96%,"$95,851,611.93",No,"BLUE 5","Extreme Values (More than 23,847 Beneficiaries)","BLUE 5","Extreme Values (More than 15 Providers)","BLUE 3","Third Lowest 25% (48.50 - 63.99 Users)","BLUE 3","Third Lowest 25% (3.14% - 3.82% of Users)","BLUE 5","Extreme Values (More than 780 Users)","BLUE 5","Extreme Values (More than 15.99 Providers)","BLUE 5","Extreme Values (More than 207 Dual Eligible Users)","BLUE 4","Top 25% Excl. Extreme Values (33.33% - 54.61% of Total Users)","BLUE 2","Second Lowest 25% (4.76% - 6.18% of Total FFS Beneficiaries)","BLUE 5","Extreme Values (More than $12,940,189.15 )"," "," "," "," "," "," "," "," "," "," "
"2021-07-01 to 2022-06-30",Telemedicine,COUNTY,MI,WAYNE,26,163,"168,670",321,42.42,8.07%,"13,616",321,"5,918",43.46%,13.77%,"$3,699,106.09",No,"BLUE 5","Extreme Values (More than 22,715 Beneficiaries)","BLUE 5","Extreme Values (More than 17 Providers)","BLUE 1","Lowest 25% (Less than 43.19 Users)","BLUE 4","Top 25% Excl. Extreme Values (4.61% - 8.08% of Users)","BLUE 5","Extreme Values (More than 820 Users)","BLUE 5","Extreme Values (More than 17.49 Providers)","BLUE 5","Extreme Values (More than 268 Dual Eligible Users)","BLUE 4","Top 25% Excl. Extreme Values (38.93% - 64.98% of Total Users)","BLUE 4","Top 25% Excl. Extreme Values (10.63% - 18.35% of Total FFS Beneficiaries)","BLUE 5","Extreme Values (More than $166,281.48 )"," "," "," "," "," "," "," "," "," "," "
"2021-10-01 to 2022-09-30","Ambulance (Emergency & Non-Emergency)",COUNTY,MI,WAYNE,26,163,"168,372",66,294.15,11.53%,"19,414",66,"8,076",41.60%,19.33%,"$16,475,135.32",No,"BLUE 5","Extreme Values (More than 22,219 Beneficiaries)","BLUE 5","Extreme Values (More than 20 Providers)","BLUE 5","Extreme Values (More than 261.03 Users)","BLUE 3","Third Lowest 25% (10.71% - 12.17% of Users)","BLUE 5","Extreme Values (More than 2,476 Users)","BLUE 5","Extreme Values (More than 20.49 Providers)","BLUE 5","Extreme Values (More than 596 Dual Eligible Users)","BLUE 4","Top 25% Excl. Extreme Values (29.09% - 46.80% of Total Users)","BLUE 2","Second Lowest 25% (16.39% - 19.35% of Total FFS Beneficiaries)","BLUE 5","Extreme Values (More than $2,251,968.07 )"," "," "," "," "," "," "," "," "," "," "
"2021-10-01 to 2022-09-30","Ambulance (Emergency)",COUNTY,MI,WAYNE,26,163,"168,372",65,261.20,10.08%,"16,978",65,"7,114",41.90%,17.03%,"$11,434,806.28",No,"BLUE 5","Extreme Values (More than 22,510 Beneficiaries)","BLUE 5","Extreme Values (More than 14 Providers)","BLUE 4","Top 25% Excl. Extreme Values (171.50 - 335.74 Users)","BLUE 3","Third Lowest 25% (9.63% - 11.02% of Users)","BLUE 5","Extreme Values (More than 2,247 Users)","BLUE 5","Extreme Values (More than 14.49 Providers)","BLUE 5","Extreme Values (More than 565 Dual Eligible Users)","BLUE 4","Top 25% Excl. Extreme Values (29.81% - 48.04% of Total Users)","BLUE 2","Second Lowest 25% (14.99% - 17.85% of Total FFS Beneficiaries)","BLUE 5","Extreme Values (More than $1,634,285.77 )"," "," "," "," "," "," "," "," "," "," "
"2021-10-01 to 2022-09-30","Ambulance (Non-Emergency)",COUNTY,MI,WAYNE,26,163,"168,372",66,134.15,5.26%,"8,854",66,"3,919",44.26%,9.38%,"$4,959,069.43",No,"BLUE 5","Extreme Values (More than 23,810 Beneficiaries)","BLUE 5","Extreme Values (More than 22 Providers)","BLUE 5","Extreme Values (More than 85.78 Users)","BLUE 4","Top 25% Excl. Extreme Values (4.74% - 8.68% of Users)","BLUE 5","Extreme Values (More than 851 Users)","BLUE 5","Extreme Values (More than 22.99 Providers)","BLUE 5","Extreme Values (More than 246 Dual Eligible Users)","BLUE 4","Top 25% Excl. Extreme Values (32.99% - 53.40% of Total Users)","BLUE 3","Third Lowest 25% (7.41% - 9.78% of Total FFS Beneficiaries)","BLUE 5","Extreme Values (More than $596,102.95 )"," "," "," "," "," "," "," "," "," "," "
"2021-10-01 to 2022-09-30","Cardiac Rehabilitation Program",COUNTY,MI,WAYNE,26,163,"168,584",13,58.23,0.45%,757,13,119,15.72%,0.29%,"$3,341,026.88",No,"BLUE 5","Extreme Values (More than 34,624 Beneficiaries)","BLUE 5","Extreme Values (More than 3 Providers)","BLUE 4","Top 25% Excl. Extreme Values (54.00 - 100.49 Users)","BLUE 2","Second Lowest 25% (0.39% - 0.56% of Users)","BLUE 5","Extreme Values (More than 177 Users)","BLUE 5","Extreme Values (More than 3.49 Providers)","BLUE 5","Extreme Values (More than 57 Dual Eligible Users)","BLUE 4","Top 25% Excl. Extreme Values (13.04% - 23.68% of Total Users)","BLUE 2","Second Lowest 25% (0.19% - 0.32% of Total FFS Beneficiaries)","BLUE 5","Extreme Values (More than $1,196,706.49 )"," "," "," "," "," "," "," "," "," "," "
"2021-10-01 to 2022-09-30","Chiropractic Services",COUNTY,MI,WAYNE,26,163,"168,372",158,33.23,3.12%,"5,251",158,565,10.76%,1.35%,"$1,978,023.54",No,"BLUE 5","Extreme Values (More than 23,022 Beneficiaries)","BLUE 5","Extreme Values (More than 24 Providers)","BLUE 1","Lowest 25% (Less than 35.56 Users)","BLUE 2","Second Lowest 25% (2.64% - 4.19% of Users)","BLUE 5","Extreme Values (More than 1,160 Users)","BLUE 5","Extreme Values (More than 24.49 Providers)","BLUE 5","Extreme Values (More than 109 Dual Eligible Users)","BLUE 4","Top 25% Excl. Extreme Values (9.77% - 17.88% of Total Users)","BLUE 1","Lowest 25% (Less than 1.52% of Total FFS Beneficiaries)","BLUE 5","Extreme Values (More than $295,314.91 )"," "," "," "," "," "," "," "," "," "," "
"2021-10-01 to 2022-09-30","Clinical Laboratory (Billing Independently)",COUNTY,MI,WAYNE,26,163,"168,372",160,269.78,25.64%,"43,164",160,"16,265",37.68%,38.93%,"$17,848,273.49",No,"BLUE 5","Extreme Values (More than 22,119 Beneficiaries)","BLUE 5","Extreme Values (More than 55 Providers)","BLUE 4","Top 25% Excl. Extreme Values (149.13 - 284.95 Users)","BLUE 2","Second Lowest 25% (19.90% - 34.96% of Users)","BLUE 5","Extreme Values (More than 8,228 Users)","BLUE 5","Extreme Values (More than 55.49 Providers)","BLUE 5","Extreme Values (More than 1,172 Dual Eligible Users)","BLUE 5","Extreme Values (More than 31.45% of Total Users)","BLUE 2","Second Lowest 25% (24.87% - 39.06% of Total FFS Beneficiaries)","BLUE 5","Extreme Values (More than $2,113,962.71 )"," "," "," "," "," "," "," "," "," "," "
"2021-10-01 to 2022-09-30",Dialysis,COUNTY,MI,WAYNE,26,163,"168,584",65,37.82,1.46%,"2,458",65,"1,334",54.27%,3.21%,"$54,992,896.77",No,"BLUE 5","Extreme Values (More than 30,465 Beneficiaries)","BLUE 5","Extreme Values (More than 5 Providers)","BLUE 3","Third Lowest 25% (31.67 - 41.49 Users)","BLUE 4","Top 25% Excl. Extreme Values (0.93% - 1.57% of Users)","BLUE 5","Extreme Values (More than 205 Users)","BLUE 5","Extreme Values (More than 5.99 Providers)","BLUE 5","Extreme Values (More than 115 Dual Eligible Users)","BLUE 4","Top 25% Excl. Extreme Values (44.44% - 67.67% of Total Users)","BLUE 4","Top 25% Excl. Extreme Values (2.97% - 5.14% of Total FFS Beneficiaries)","BLUE 5","Extreme Values (More than $4,607,526.95 )"," "," "," "," "," "," "," "," "," "," "
"2021-10-01 to 2022-09-30","Federally Qualified Health Center (FQHC)",COUNTY,MI,WAYNE,26,163,"168,584",28,83.46,1.39%,"2,337",28,"1,589",67.99%,3.82%,"$981,830.63",No,"BLUE 5","Extreme Values (More than 26,815 Beneficiaries)","BLUE 5","Extreme Values (More than 10 Providers)","BLUE 3","Third Lowest 25% (77.00 - 132.79 Users)","BLUE 2","Second Lowest 25% (1.38% - 3.39% of Users)","BLUE 5","Extreme Values (More than 1,262 Users)","BLUE 5","Extreme Values (More than 10.99 Providers)","BLUE 5","Extreme Values (More than 503 Dual Eligible Users)","BLUE 4","Top 25% Excl. Extreme Values (45.57% - 77.71% of Total Users)","BLUE 1","Lowest 25% (Less than 6.11% of Total FFS Beneficiaries)","BLUE 5","Extreme Values (More than $606,114.76 )"," "," "," "," "," "," "," "," "," "," "
"2021-10-01 to 2022-09-30","Home Health",COUNTY,MI,WAYNE,26,163,"168,584",188,84.24,9.39%,"15,838",188,"5,974",37.72%,14.35%,"$76,414,130.97",No,"BLUE 5","Extreme Values (More than 22,740 Beneficiaries)","BLUE 5","Extreme Values (More than 14 Providers)","BLUE 3","Third Lowest 25% (67.00 - 121.99 Users)","BLUE 4","Top 25% Excl. Extreme Values (8.07% - 13.06% of Users)","BLUE 5","Extreme Values (More than 1,576 Users)","BLUE 5","Extreme Values (More than 14.49 Providers)","BLUE 5","Extreme Values (More than 307 Dual Eligible Users)","BLUE 5","Extreme Values (More than 36.95% of Total Users)","BLUE 4","Top 25% Excl. Extreme Values (11.17% - 17.97% of Total FFS Beneficiaries)","BLUE 5","Extreme Values (More than $8,419,219.13 )"," "," "," "," "," "," "," "," "," "," "
"2021-10-01 to 2022-09-30",Hospice,COUNTY,MI,WAYNE,26,163,"168,584",46,75.17,2.05%,"3,458",46,938,27.13%,2.25%,"$39,054,606.98",No,"BLUE 5","Extreme Values (More than 23,661 Beneficiaries)","BLUE 5","Extreme Values (More than 10 Providers)","BLUE 4","Top 25% Excl. Extreme Values (72.07 - 130.67 Users)","BLUE 2","Second Lowest 25% (1.99% - 2.44% of Users)","BLUE 5","Extreme Values (More than 593 Users)","BLUE 5","Extreme Values (More than 10.99 Providers)","BLUE 5","Extreme Values (More than 127 Dual Eligible Users)","BLUE 4","Top 25% Excl. Extreme Values (24.07% - 41.08% of Total Users)","BLUE 1","Lowest 25% (Less than 2.60% of Total FFS Beneficiaries)","BLUE 5","Extreme Values (More than $7,829,718.22 )"," "," "," "," "," "," "," "," "," "," "
"2021-10-01 to 2022-09-30","Independent Diagnostic Testing Facility Pt A",COUNTY,MI,WAYNE,26,163,"168,584",82,957.74,46.59%,"78,535",82,"20,896",26.61%,50.21%,"$204,964,883.02",No,"BLUE 5","Extreme Values (More than 22,024 Beneficiaries)","BLUE 5","Extreme Values (More than 36 Providers)","BLUE 5","Extreme Values (More than 613.19 Users)","BLUE 3","Third Lowest 25% (43.67% - 51.97% of Users)","BLUE 5","Extreme Values (More than 10,947 Users)","BLUE 5","Extreme Values (More than 36.99 Providers)","BLUE 5","Extreme Values (More than 1,472 Dual Eligible Users)","BLUE 4","Top 25% Excl. Extreme Values (16.69% - 28.26% of Total Users)","BLUE 3","Third Lowest 25% (45.33% - 53.26% of Total FFS Beneficiaries)","BLUE 5","Extreme Values (More than $29,128,733.78 )"," "," "," "," "," "," "," "," "," "," "
"2021-10-01 to 2022-09-30","Independent Diagnostic Testing Facility Pt B",COUNTY,MI,WAYNE,26,163,"168,372",43,147.28,3.76%,"6,333",43,"2,084",32.91%,4.99%,"$2,257,528.19",No,"BLUE 5","Extreme Values (More than 22,764 Beneficiaries)","BLUE 5","Extreme Values (More than 21 Providers)","BLUE 5","Extreme Values (More than 122.49 Users)","BLUE 2","Second Lowest 25% (3.56% - 4.66% of Users)","BLUE 5","Extreme Values (More than 1,267 Users)","BLUE 5","Extreme Values (More than 21.99 Providers)","BLUE 5","Extreme Values (More than 190 Dual Eligible Users)","BLUE 5","Extreme Values (More than 30.54% of Total Users)","BLUE 3","Third Lowest 25% (4.93% - 6.64% of Total FFS Beneficiaries)","BLUE 5","Extreme Values (More than $428,425.51 )"," "," "," "," "," "," "," "," "," "," "
"2021-10-01 to 2022-09-30","Long-Term Care Hospitals",COUNTY,MI,WAYNE,26,163,"168,584",7,64.43,0.27%,451,7,214,47.45%,0.51%,"$22,088,110.06",No,"BLUE 5","Extreme Values (More than 78,102 Beneficiaries)","BLUE 5","Extreme Values (More than 2 Providers)","BLUE 4","Top 25% Excl. Extreme Values (51.00 - 95.99 Users)","BLUE 3","Third Lowest 25% (0.18% - 0.36% of Users)","BLUE 5","Extreme Values (More than 109 Users)","BLUE 5","Extreme Values (More than 2.49 Providers)","BLUE 5","Extreme Values (More than 71 Dual Eligible Users)","BLUE 4","Top 25% Excl. Extreme Values (42.31% - 68.98% of Total Users)","BLUE 2","Second Lowest 25% (0.32% - 0.55% of Total FFS Beneficiaries)","BLUE 5","Extreme Values (More than $5,589,091.18 )"," "," "," "," "," "," "," "," "," "," "
"2021-10-01 to 2022-09-30",Neurology,COUNTY,MI,WAYNE,26,163,"169,184",76,45.16,2.03%,"3,432",76,"1,414",41.20%,3.38%,"$683,689.82",No,"BLUE 5","Extreme Values (More than 29,228 Beneficiaries)","BLUE 5","Extreme Values (More than 4 Providers)","BLUE 2","Second Lowest 25% (38.44 - 49.42 Users)","BLUE 5","Extreme Values (More than 2.01% of Users)","BLUE 5","Extreme Values (More than 304 Users)","BLUE 5","Extreme Values (More than 4.99 Providers)","BLUE 5","Extreme Values (More than 107 Dual Eligible Users)","BLUE 4","Top 25% Excl. Extreme Values (24.07% - 41.48% of Total Users)","BLUE 5","Extreme Values (More than 3.24% of Total FFS Beneficiaries)","BLUE 5","Extreme Values (More than $43,761.18 )"," "," "," "," "," "," "," "," "," "," "
"2021-10-01 to 2022-09-30",Ophthalmology,COUNTY,MI,WAYNE,26,163,"168,372",426,102.84,26.02%,"43,811",426,"9,471",21.62%,22.67%,"$27,875,630.44",No,"BLUE 5","Extreme Values (More than 22,126 Beneficiaries)","BLUE 5","Extreme Values (More than 92 Providers)","BLUE 4","Top 25% Excl. Extreme Values (79.67 - 141.82 Users)","BLUE 1","Lowest 25% (Less than 27.19% of Users)","BLUE 5","Extreme Values (More than 6,986 Users)","BLUE 5","Extreme Values (More than 92.99 Providers)","BLUE 5","Extreme Values (More than 661 Dual Eligible Users)","BLUE 4","Top 25% Excl. Extreme Values (12.87% - 22.76% of Total Users)","BLUE 3","Third Lowest 25% (22.46% - 26.01% of Total FFS Beneficiaries)","BLUE 5","Extreme Values (More than $4,184,423.85 )"," "," "," "," "," "," "," "," "," "," "
"2021-10-01 to 2022-09-30","Physical & Occupational Therapy",COUNTY,MI,WAYNE,26,163,"168,372",464,25.22,6.95%,"11,702",464,"2,725",23.29%,6.52%,"$13,792,700.77",No,"BLUE 5","Extreme Values (More than 22,718 Beneficiaries)","BLUE 5","Extreme Values (More than 50 Providers)","BLUE 1","Lowest 25% (Less than 29.88 Users)","BLUE 3","Third Lowest 25% (6.17% - 8.91% of Users)","BLUE 5","Extreme Values (More than 1,812 Users)","BLUE 5","Extreme Values (More than 50.99 Providers)","BLUE 5","Extreme Values (More than 207 Dual Eligible Users)","BLUE 4","Top 25% Excl. Extreme Values (12.99% - 23.59% of Total Users)","BLUE 3","Third Lowest 25% (4.81% - 6.66% of Total FFS Beneficiaries)","BLUE 5","Extreme Values (More than $1,577,295.89 )"," "," "," "," "," "," "," "," "," "," "
"2021-10-01 to 2022-09-30","Podiatry Services",COUNTY,MI,WAYNE,26,163,"168,879",279,103.94,17.17%,"29,000",279,"10,253",35.36%,24.51%,"$7,038,887.85",No,"BLUE 5","Extreme Values (More than 22,603 Beneficiaries)","BLUE 5","Extreme Values (More than 30 Providers)","BLUE 4","Top 25% Excl. Extreme Values (95.83 - 181.07 Users)","BLUE 4","Top 25% Excl. Extreme Values (11.57% - 18.81% of Users)","BLUE 5","Extreme Values (More than 2,399 Users)","BLUE 5","Extreme Values (More than 30.49 Providers)","BLUE 5","Extreme Values (More than 440 Dual Eligible Users)","BLUE 4","Top 25% Excl. Extreme Values (23.80% - 40.95% of Total Users)","BLUE 4","Top 25% Excl. Extreme Values (17.56% - 29.16% of Total FFS Beneficiaries)","BLUE 5","Extreme Values (More than $459,886.93 )"," "," "," "," "," "," "," "," "," "," "
"2021-10-01 to 2022-09-30","Preventive Health Services",COUNTY,MI,WAYNE,26,163,"168,372","1,942",45.00,51.91%,"87,394","1,942.00","23,427",26.81%,56.07%,"$14,477,414.27",No,"BLUE 5","Extreme Values (More than 22,116 Beneficiaries)","BLUE 5","Extreme Values (More than 243 Providers)","BLUE 2","Second Lowest 25% (36.39 - 45.17 Users)","BLUE 2","Second Lowest 25% (45.04% - 53.57% of Users)","BLUE 5","Extreme Values (More than 12,703 Users)","BLUE 5","Extreme Values (More than 243.49 Providers)","BLUE 5","Extreme Values (More than 1,437 Dual Eligible Users)","BLUE 5","Extreme Values (More than 26.36% of Total Users)","BLUE 4","Top 25% Excl. Extreme Values (55.84% - 78.57% of Total FFS Beneficiaries)","BLUE 5","Extreme Values (More than $2,081,176.49 )"," "," "," "," "," "," "," "," "," "," "
"2021-10-01 to 2022-09-30",Psychotherapy,COUNTY,MI,WAYNE,26,163,"168,372",373,33.01,7.31%,"12,313",373,"6,164",50.06%,14.75%,"$9,082,312.63",No,"BLUE 5","Extreme Values (More than 23,478 Beneficiaries)","BLUE 5","Extreme Values (More than 24 Providers)","BLUE 1","Lowest 25% (Less than 36.16 Users)","BLUE 5","Extreme Values (More than 7.30% of Users)","BLUE 5","Extreme Values (More than 985 Users)","BLUE 5","Extreme Values (More than 24.99 Providers)","BLUE 5","Extreme Values (More than 355 Dual Eligible Users)","BLUE 4","Top 25% Excl. Extreme Values (42.04% - 66.73% of Total Users)","BLUE 4","Top 25% Excl. Extreme Values (13.02% - 22.16% of Total FFS Beneficiaries)","BLUE 5","Extreme Values (More than $541,215.92 )"," "," "," "," "," "," "," "," "," "," "
"2021-10-01 to 2022-09-30",Pulmonology,COUNTY,MI,WAYNE,26,163,"168,372","1,204",30.60,21.88%,"36,846","1,204.00","10,440",28.33%,24.99%,"$6,339,780.79",No,"BLUE 5","Extreme Values (More than 22,143 Beneficiaries)","BLUE 5","Extreme Values (More than 136 Providers)","BLUE 1","Lowest 25% (Less than 37.88 Users)","BLUE 3","Third Lowest 25% (21.37% - 24.18% of Users)","BLUE 5","Extreme Values (More than 5,030 Users)","BLUE 5","Extreme Values (More than 136.49 Providers)","BLUE 5","Extreme Values (More than 636 Dual Eligible Users)","BLUE 5","Extreme Values (More than 27.19% of Total Users)","BLUE 4","Top 25% Excl. Extreme Values (23.49% - 31.55% of Total FFS Beneficiaries)","BLUE 5","Extreme Values (More than $814,307.11 )"," "," "," "," "," "," "," "," "," "," "
"2021-10-01 to 2022-09-30","Skilled Nursing Facility",COUNTY,MI,WAYNE,26,163,"168,584",108,56.50,3.62%,"6,102",108,"2,416",39.59%,5.80%,"$94,882,297.53",No,"BLUE 5","Extreme Values (More than 24,030 Beneficiaries)","BLUE 5","Extreme Values (More than 15 Providers)","BLUE 3","Third Lowest 25% (48.25 - 63.49 Users)","BLUE 3","Third Lowest 25% (3.15% - 3.88% of Users)","BLUE 5","Extreme Values (More than 791 Users)","BLUE 5","Extreme Values (More than 15.99 Providers)","BLUE 5","Extreme Values (More than 206 Dual Eligible Users)","BLUE 4","Top 25% Excl. Extreme Values (33.33% - 54.55% of Total Users)","BLUE 2","Second Lowest 25% (4.81% - 6.38% of Total FFS Beneficiaries)","BLUE 5","Extreme Values (More than $13,311,160.27 )"," "," "," "," "," "," "," "," "," "," "
"2021-10-01 to 2022-09-30",Telemedicine,COUNTY,MI,WAYNE,26,163,"168,372",303,42.17,7.59%,"12,779",303,"5,460",42.73%,13.07%,"$3,235,837.35",No,"BLUE 5","Extreme Values (More than 22,812 Beneficiaries)","BLUE 5","Extreme Values (More than 14 Providers)","BLUE 1","Lowest 25% (Less than 43.59 Users)","BLUE 5","Extreme Values (More than 7.55% of Users)","BLUE 5","Extreme Values (More than 768 Users)","BLUE 5","Extreme Values (More than 14.99 Providers)","BLUE 5","Extreme Values (More than 249 Dual Eligible Users)","BLUE 4","Top 25% Excl. Extreme Values (38.57% - 64.60% of Total Users)","BLUE 4","Top 25% Excl. Extreme Values (10.09% - 17.45% of Total FFS Beneficiaries","BLUE 5","Extreme Values (More than $150,499.86 )"," "," "," "," "," "," "," "," "," "," "
"2022-01-01 to 2022-12-31","Ambulance (Emergency & Non-Emergency)",COUNTY,MI,WAYNE,26,163,"161,539",66,285.14,11.65%,"18,819",66,"7,603",40.40%,19.46%,"$16,056,067.28",No,"BLUE 5","Extreme Values (More than 21,715 Beneficiaries)","BLUE 5","Extreme Values (More than 20 Providers)","BLUE 5","Extreme Values (More than 259.61 Users)","BLUE 3","Third Lowest 25% (10.96% - 12.39% of Users)","BLUE 5","Extreme Values (More than 2,464 Users)","BLUE 5","Extreme Values (More than 20.49 Providers)","BLUE 5","Extreme Values (More than 586 Dual Eligible Users)","BLUE 4","Top 25% Excl. Extreme Values (28.61% - 46.20% of Total Users)","BLUE 2","Second Lowest 25% (16.83% - 19.92% of Total FFS Beneficiaries)","BLUE 5","Extreme Values (More than $2,259,183.46 )"," "," "," "," "," "," "," "," "," "," "
"2022-01-01 to 2022-12-31","Ambulance (Emergency)",COUNTY,MI,WAYNE,26,163,"161,539",62,265.39,10.19%,"16,454",62,"6,725",40.87%,17.21%,"$11,253,866.93",No,"BLUE 5","Extreme Values (More than 21,732 Beneficiaries)","BLUE 5","Extreme Values (More than 14 Providers)","BLUE 4","Top 25% Excl. Extreme Values (171.33 - 336.82 Users)","BLUE 3","Third Lowest 25% (9.85% - 11.25% of Users)","BLUE 5","Extreme Values (More than 2,249 Users)","BLUE 5","Extreme Values (More than 14.49 Providers)","BLUE 5","Extreme Values (More than 550 Dual Eligible Users)","BLUE 4","Top 25% Excl. Extreme Values (29.17% - 47.06% of Total Users)","BLUE 2","Second Lowest 25% (15.43% - 18.39% of Total FFS Beneficiaries)","BLUE 5","Extreme Values (More than $1,653,465.42 )"," "," "," "," "," "," "," "," "," "," "
"2022-01-01 to 2022-12-31","Ambulance (Non-Emergency)",COUNTY,MI,WAYNE,26,163,"161,539",66,131.56,5.38%,"8,683",66,"3,690",42.50%,9.44%,"$4,723,374.81",No,"BLUE 5","Extreme Values (More than 23,268 Beneficiaries)","BLUE 5","Extreme Values (More than 22 Providers)","BLUE 5","Extreme Values (More than 84.99 Users)","BLUE 4","Top 25% Excl. Extreme Values (4.85% - 8.82% of Users)","BLUE 5","Extreme Values (More than 837 Users)","BLUE 5","Extreme Values (More than 22.99 Providers)","BLUE 5","Extreme Values (More than 240 Dual Eligible Users)","BLUE 4","Top 25% Excl. Extreme Values (32.43% - 52.22% of Total Users)","BLUE 3","Third Lowest 25% (7.76% - 10.05% of Total FFS Beneficiaries)","BLUE 5","Extreme Values (More than $582,352.60 )"," "," "," "," "," "," "," "," "," "," "
"2022-01-01 to 2022-12-31","Cardiac Rehabilitation Program",COUNTY,MI,WAYNE,26,163,"161,547",12,57.92,0.43%,695,12,107,15.40%,0.28%,"$3,200,301.93",No,"BLUE 5","Extreme Values (More than 33,765 Beneficiaries)","BLUE 5","Extreme Values (More than 3 Providers)","BLUE 4","Top 25% Excl. Extreme Values (54.00 - 100.49 Users)","BLUE 2","Second Lowest 25% (0.39% - 0.56% of Users)","BLUE 5","Extreme Values (More than 172 Users)","BLUE 5","Extreme Values (More than 3.49 Providers)","BLUE 5","Extreme Values (More than 50 Dual Eligible Users)","BLUE 4","Top 25% Excl. Extreme Values (13.19% - 23.91% of Total Users)","BLUE 2","Second Lowest 25% (0.19% - 0.31% of Total FFS Beneficiaries)","BLUE 5","Extreme Values (More than $1,178,318.65 )"," "," "," "," "," "," "," "," "," "," "
"2022-01-01 to 2022-12-31","Chiropractic Services",COUNTY,MI,WAYNE,26,163,"161,539",155,31.94,3.06%,"4,951",155,523,10.56%,1.34%,"$1,928,054.44",No,"BLUE 5","Extreme Values (More than 22,294 Beneficiaries)","BLUE 5","Extreme Values (More than 21 Providers)","BLUE 1","Lowest 25% (Less than 35.40 Users)","BLUE 2","Second Lowest 25% (2.58% - 4.10% of Users)","BLUE 5","Extreme Values (More than 1,095 Users)","BLUE 5","Extreme Values (More than 21.99 Providers)","BLUE 5","Extreme Values (More than 105 Dual Eligible Users)","BLUE 4","Top 25% Excl. Extreme Values (9.71% - 17.92% of Total Users)","BLUE 1","Lowest 25% (Less than 1.47% of Total FFS Beneficiaries)","BLUE 5","Extreme Values (More than $289,843.05 )"," "," "," "," "," "," "," "," "," "," "
"2022-01-01 to 2022-12-31","Clinical Laboratory (Billing Independently)",COUNTY,MI,WAYNE,26,163,"161,539",167,252.36,26.09%,"42,144",167,"15,705",37.27%,40.20%,"$16,763,974.40",No,"BLUE 5","Extreme Values (More than 21,288 Beneficiaries)","BLUE 5","Extreme Values (More than 55 Providers)","BLUE 4","Top 25% Excl. Extreme Values (144.82 - 274.70 Users)","BLUE 2","Second Lowest 25% (20.28% - 35.58% of Users)","BLUE 5","Extreme Values (More than 8,045 Users)","BLUE 5","Extreme Values (More than 55.49 Providers)","BLUE 5","Extreme Values (More than 1,124 Dual Eligible Users)","BLUE 5","Extreme Values (More than 30.85% of Total Users)","BLUE 3","Third Lowest 25% (40.03% - 52.38% of Total FFS Beneficiaries)","BLUE 5","Extreme Values (More than $2,051,235.13 )"," "," "," "," "," "," "," "," "," "," "
"2022-01-01 to 2022-12-31",Dialysis,COUNTY,MI,WAYNE,26,163,"161,547",62,36.05,1.38%,"2,235",62,"1,206",53.96%,3.10%,"$52,673,044.47",No,"BLUE 5","Extreme Values (More than 30,117 Beneficiaries)","BLUE 5","Extreme Values (More than 5 Providers)","BLUE 3","Third Lowest 25% (30.00 - 39.99 Users)","BLUE 4","Top 25% Excl. Extreme Values (0.90% - 1.51% of Users)","BLUE 5","Extreme Values (More than 190 Users)","BLUE 5","Extreme Values (More than 5.99 Providers)","BLUE 5","Extreme Values (More than 113 Dual Eligible Users)","BLUE 4","Top 25% Excl. Extreme Values (44.12% - 67.62% of Total Users)","BLUE 4","Top 25% Excl. Extreme Values (2.95% - 5.13% of Total FFS Beneficiaries)","BLUE 5","Extreme Values (More than $4,460,137.30 )"," "," "," "," "," "," "," "," "," "," "
"2022-01-01 to 2022-12-31","Federally Qualified Health Center (FQHC)",COUNTY,MI,WAYNE,26,163,"161,547",28,76.36,1.32%,"2,138",28,"1,448",67.73%,3.73%,"$912,675.57",No,"BLUE 5","Extreme Values (More than 26,111 Beneficiaries)","BLUE 5","Extreme Values (More than 10 Providers)","BLUE 3","Third Lowest 25% (75.00 - 127.60 Users)","BLUE 1","Lowest 25% (Less than 1.37% of Users)","BLUE 5","Extreme Values (More than 1,198 Users)","BLUE 5","Extreme Values (More than 10.99 Providers)","BLUE 5","Extreme Values (More than 471 Dual Eligible Users)","BLUE 4","Top 25% Excl. Extreme Values (45.45% - 77.95% of Total Users)","BLUE 1","Lowest 25% (Less than 6.15% of Total FFS Beneficiaries)","BLUE 5","Extreme Values (More than $595,081.69 )"," "," "," "," "," "," "," "," "," "," "
"2022-01-01 to 2022-12-31","Home Health",COUNTY,MI,WAYNE,26,163,"161,547",179,84.96,9.41%,"15,208",179,"5,528",36.35%,14.22%,"$73,701,488.90",No,"BLUE 5","Extreme Values (More than 22,086 Beneficiaries)","BLUE 5","Extreme Values (More than 14 Providers)","BLUE 3","Third Lowest 25% (67.00 - 119.19 Users)","BLUE 4","Top 25% Excl. Extreme Values (8.10% - 13.12% of Users)","BLUE 5","Extreme Values (More than 1,550 Users)","BLUE 5","Extreme Values (More than 14.49 Providers)","BLUE 5","Extreme Values (More than 286 Dual Eligible Users)","BLUE 4","Top 25% Excl. Extreme Values (21.62% - 36.61% of Total Users)","BLUE 4","Top 25% Excl. Extreme Values (11.31% - 18.22% of Total FFS Beneficiaries)","BLUE 5","Extreme Values (More than $8,316,006.02 )"," "," "," "," "," "," "," "," "," "," "
"2022-01-01 to 2022-12-31",Hospice,COUNTY,MI,WAYNE,26,163,"161,547",44,73.86,2.01%,"3,250",44,862,26.52%,2.22%,"$37,977,110.84",No,"BLUE 5","Extreme Values (More than 23,164 Beneficiaries)","BLUE 5","Extreme Values (More than 10 Providers)","BLUE 4","Top 25% Excl. Extreme Values (70.38 - 126.44 Users)","BLUE 2","Second Lowest 25% (1.99% - 2.43% of Users)","BLUE 5","Extreme Values (More than 568 Users)","BLUE 5","Extreme Values (More than 10.99 Providers)","BLUE 5","Extreme Values (More than 122 Dual Eligible Users)","BLUE 4","Top 25% Excl. Extreme Values (23.63% - 40.37% of Total Users)","BLUE 1","Lowest 25% (Less than 2.59% of Total FFS Beneficiaries)","BLUE 5","Extreme Values (More than $7,909,952.32 )"," "," "," "," "," "," "," "," "," "," "
"2022-01-01 to 2022-12-31","Independent Diagnostic Testing Facility Pt A",COUNTY,MI,WAYNE,26,163,"161,547",79,962.86,47.09%,"76,066",79,"19,641",25.82%,50.53%,"$204,922,313.38",No,"BLUE 5","Extreme Values (More than 21,288 Beneficiaries)","BLUE 5","Extreme Values (More than 36 Providers)","BLUE 5","Extreme Values (More than 605.45 Users)","BLUE 3","Third Lowest 25% (43.95% - 52.43% of Users)","BLUE 5","Extreme Values (More than 10,695 Users)","BLUE 5","Extreme Values (More than 36.99 Providers)","BLUE 5","Extreme Values (More than 1,384 Dual Eligible Users)","BLUE 4","Top 25% Excl. Extreme Values (16.28% - 27.66% of Total Users)","BLUE 3","Third Lowest 25% (45.96% - 53.82% of Total FFS Beneficiaries)","BLUE 5","Extreme Values (More than $29,221,739.18 )"," "," "," "," "," "," "," "," "," "," "
"2022-01-01 to 2022-12-31","Independent Diagnostic Testing Facility Pt B",COUNTY,MI,WAYNE,26,163,"161,539",42,147.40,3.83%,"6,191",42,"1,971",31.84%,5.04%,"$2,384,368.85",No,"BLUE 5","Extreme Values (More than 22,114 Beneficiaries)","BLUE 5","Extreme Values (More than 21 Providers)","BLUE 5","Extreme Values (More than 124.07 Users)","BLUE 2","Second Lowest 25% (3.80% - 4.90% of Users)","BLUE 5","Extreme Values (More than 1,289 Users)","BLUE 5","Extreme Values (More than 21.99 Providers)","BLUE 5","Extreme Values (More than 188 Dual Eligible Users)","BLUE 5","Extreme Values (More than 29.67% of Total Users)","BLUE 2","Second Lowest 25% (3.83% - 5.13% of Total FFS Beneficiaries)","BLUE 5","Extreme Values (More than $462,971.83 )"," "," "," "," "," "," "," "," "," "," "
"2022-01-01 to 2022-12-31","Long-Term Care Hospitals",COUNTY,MI,WAYNE,26,163,"161,547",7,67.29,0.29%,471,7,215,45.65%,0.55%,"$23,275,788.13",No,"BLUE 5","Extreme Values (More than 78,881 Beneficiaries)","BLUE 5","Extreme Values (More than 2 Providers)","BLUE 4","Top 25% Excl. Extreme Values (51.00 - 95.99 Users)","BLUE 3","Third Lowest 25% (0.19% - 0.38% of Users)","BLUE 5","Extreme Values (More than 108 Users)","BLUE 5","Extreme Values (More than 2.49 Providers)","BLUE 5","Extreme Values (More than 72 Dual Eligible Users)","BLUE 4","Top 25% Excl. Extreme Values (42.21% - 69.46% of Total Users)","BLUE 2","Second Lowest 25% (0.31% - 0.56% of Total FFS Beneficiaries)","BLUE 5","Extreme Values (More than $5,683,232.36 )"," "," "," "," "," "," "," "," "," "," "
"2022-01-01 to 2022-12-31",Neurology,COUNTY,MI,WAYNE,26,163,"162,131",75,45.20,2.09%,"3,390",75,"1,350",39.82%,3.47%,"$687,171.13",No,"BLUE 5","Extreme Values (More than 28,373 Beneficiaries)","BLUE 5","Extreme Values (More than 4 Providers)","BLUE 2","Second Lowest 25% (38.27 - 49.64 Users)","BLUE 5","Extreme Values (More than 2.03% of Users)","BLUE 5","Extreme Values (More than 304 Users)","BLUE 5","Extreme Values (More than 4.99 Providers)","BLUE 5","Extreme Values (More than 108 Dual Eligible Users)","BLUE 5","Extreme Values (More than 39.40% of Total Users)","BLUE 5","Extreme Values (More than 3.38% of Total FFS Beneficiaries)","BLUE 5","Extreme Values (More than $43,312.36 )"," "," "," "," "," "," "," "," "," "," "
"2022-01-01 to 2022-12-31",Ophthalmology,COUNTY,MI,WAYNE,26,163,"161,539",422,101.49,26.51%,"42,828",422,"9,064",21.16%,23.20%,"$27,658,392.27",No,"BLUE 5","Extreme Values (More than 21,334 Beneficiaries)","BLUE 5","Extreme Values (More than 92 Providers)","BLUE 4","Top 25% Excl. Extreme Values (79.11 - 141.11 Users)","BLUE 1","Lowest 25% (Less than 27.41% of Users)","BLUE 5","Extreme Values (More than 6,854 Users)","BLUE 5","Extreme Values (More than 92.99 Providers)","BLUE 5","Extreme Values (More than 629 Dual Eligible Users)","BLUE 4","Top 25% Excl. Extreme Values (12.55% - 22.25% of Total Users)","BLUE 3","Third Lowest 25% (22.79% - 26.31% of Total FFS Beneficiaries)","BLUE 5","Extreme Values (More than $4,137,353.89 )"," "," "," "," "," "," "," "," "," "," "
"2022-01-01 to 2022-12-31","Physical & Occupational Therapy",COUNTY,MI,WAYNE,26,163,"161,539",468,24.56,7.12%,"11,495",468,"2,645",23.01%,6.77%,"$14,024,570.34",No,"BLUE 5","Extreme Values (More than 22,072 Beneficiaries)","BLUE 5","Extreme Values (More than 50 Providers)","BLUE 1","Lowest 25% (Less than 29.13 Users)","BLUE 3","Third Lowest 25% (6.23% - 9.00% of Users)","BLUE 5","Extreme Values (More than 1,778 Users)","BLUE 5","Extreme Values (More than 50.99 Providers)","BLUE 5","Extreme Values (More than 202 Dual Eligible Users)","BLUE 5","Extreme Values (More than 22.81% of Total Users)","BLUE 4","Top 25% Excl. Extreme Values (6.68% - 11.37% of Total FFS Beneficiaries)","BLUE 5","Extreme Values (More than $1,596,804.43 )"," "," "," "," "," "," "," "," "," "," "
"2022-01-01 to 2022-12-31","Podiatry Services",COUNTY,MI,WAYNE,26,163,"161,818",281,97.22,16.88%,"27,320",281,"9,433",34.53%,24.12%,"$6,692,589.98",No,"BLUE 5","Extreme Values (More than 21,817 Beneficiaries)","BLUE 5","Extreme Values (More than 27 Providers)","BLUE 4","Top 25% Excl. Extreme Values (93.17 - 175.17 Users)","BLUE 4","Top 25% Excl. Extreme Values (11.45% - 18.58% of Users)","BLUE 5","Extreme Values (More than 2,287 Users)","BLUE 5","Extreme Values (More than 27.99 Providers)","BLUE 5","Extreme Values (More than 415 Dual Eligible Users)","BLUE 4","Top 25% Excl. Extreme Values (23.39% - 40.05% of Total Users)","BLUE 4","Top 25% Excl. Extreme Values (17.66% - 29.44% of Total FFS Beneficiaries)","BLUE 5","Extreme Values (More than $452,087.47 )"," "," "," "," "," "," "," "," "," "," "
"2022-01-01 to 2022-12-31","Preventive Health Services",COUNTY,MI,WAYNE,26,163,"161,539","1,907",44.68,52.74%,"85,201","1,907.00","22,158",26.01%,56.71%,"$14,326,307.50",No,"BLUE 5","Extreme Values (More than 21,260 Beneficiaries)","BLUE 5","Extreme Values (More than 243 Providers)","BLUE 2","Second Lowest 25% (35.86 - 45.14 Users)","BLUE 2","Second Lowest 25% (46.48% - 54.87% of Users)","BLUE 5","Extreme Values (More than 12,531 Users)","BLUE 5","Extreme Values (More than 243.49 Providers)","BLUE 5","Extreme Values (More than 1,380 Dual Eligible Users)","BLUE 5","Extreme Values (More than 25.35% of Total Users)","BLUE 4","Top 25% Excl. Extreme Values (56.23% - 79.80% of Total FFS Beneficiaries)","BLUE 5","Extreme Values (More than $2,087,499.90 )"," "," "," "," "," "," "," "," "," "," "
"2022-01-01 to 2022-12-31",Psychotherapy,COUNTY,MI,WAYNE,26,163,"161,539",357,33.08,7.31%,"11,810",357,"5,735",48.56%,14.68%,"$8,999,040.12",No,"BLUE 5","Extreme Values (More than 22,896 Beneficiaries)","BLUE 5","Extreme Values (More than 24 Providers)","BLUE 1","Lowest 25% (Less than 36.33 Users)","BLUE 5","Extreme Values (More than 7.28% of Users)","BLUE 5","Extreme Values (More than 964 Users)","BLUE 5","Extreme Values (More than 24.99 Providers)","BLUE 5","Extreme Values (More than 341 Dual Eligible Users)","BLUE 4","Top 25% Excl. Extreme Values (41.51% - 66.03% of Total Users)","BLUE 4","Top 25% Excl. Extreme Values (13.17% - 22.39% of Total FFS Beneficiaries)","BLUE 5","Extreme Values (More than $537,648.02 )"," "," "," "," "," "," "," "," "," "," "
"2022-01-01 to 2022-12-31",Pulmonology,COUNTY,MI,WAYNE,26,163,"161,539","1,213",30.03,22.55%,"36,426","1,213.00","10,006",27.47%,25.61%,"$6,301,818.89",No,"BLUE 5","Extreme Values (More than 21,329 Beneficiaries)","BLUE 5","Extreme Values (More than 136 Providers)","BLUE 1","Lowest 25% (Less than 37.68 Users)","BLUE 3","Third Lowest 25% (21.87% - 24.67% of Users)","BLUE 5","Extreme Values (More than 5,025 Users)","BLUE 5","Extreme Values (More than 136.49 Providers)","BLUE 5","Extreme Values (More than 612 Dual Eligible Users)","BLUE 5","Extreme Values (More than 26.33% of Total Users)","BLUE 4","Top 25% Excl. Extreme Values (24.08% - 32.32% of Total FFS Beneficiaries)","BLUE 5","Extreme Values (More than $810,471.94 )"," "," "," "," "," "," "," "," "," "," "
"2022-01-01 to 2022-12-31","Skilled Nursing Facility",COUNTY,MI,WAYNE,26,163,"161,547",109,55.75,3.76%,"6,077",109,"2,358",38.80%,6.07%,"$95,227,891.23",No,"BLUE 5","Extreme Values (More than 23,298 Beneficiaries)","BLUE 5","Extreme Values (More than 15 Providers)","BLUE 3","Third Lowest 25% (49.00 - 64.49 Users)","BLUE 3","Third Lowest 25% (3.26% - 4.05% of Users)","BLUE 5","Extreme Values (More than 789 Users)","BLUE 5","Extreme Values (More than 15.99 Providers)","BLUE 5","Extreme Values (More than 206 Dual Eligible Users)","BLUE 4","Top 25% Excl. Extreme Values (33.33% - 54.74% of Total Users)","BLUE 2","Second Lowest 25% (5.07% - 6.74% of Total FFS Beneficiaries)","BLUE 5","Extreme Values (More than $13,357,881.48 )"," "," "," "," "," "," "," "," "," "," "
"2022-01-01 to 2022-12-31",Telemedicine,COUNTY,MI,WAYNE,26,163,"161,539",261,44.57,7.20%,"11,632",261,"5,065",43.54%,12.96%,"$2,904,893.05",No,"BLUE 5","Extreme Values (More than 22,202 Beneficiaries)","BLUE 5","Extreme Values (More than 14 Providers)","BLUE 2","Second Lowest 25% (44.26 - 57.99 Users)","BLUE 4","Top 25% Excl. Extreme Values (4.25% - 7.39% of Users)","BLUE 5","Extreme Values (More than 741 Users)","BLUE 5","Extreme Values (More than 14.99 Providers)","BLUE 5","Extreme Values (More than 227 Dual Eligible Users)","BLUE 4","Top 25% Excl. Extreme Values (37.50% - 63.19% of Total Users)","BLUE 4","Top 25% Excl. Extreme Values (9.84% - 16.84% of Total FFS Beneficiaries)","BLUE 5","Extreme Values (More than $138,780.90 )"," "," "," "," "," "," "," "," "," "," "
"2022-04-01 to 2023-03-31","Ambulance (Emergency & Non-Emergency)",COUNTY,MI,WAYNE,26,163,"161,565",65,287.54,11.57%,"18,690",65,"7,405",39.62%,19.57%,"$16,263,529.81",No,"BLUE 5","Extreme Values (More than 21,764 Beneficiaries)","BLUE 5","Extreme Values (More than 20 Providers)","BLUE 5","Extreme Values (More than 257.69 Users)","BLUE 3","Third Lowest 25% (10.95% - 12.36% of Users)","BLUE 5","Extreme Values (More than 2,435 Users)","BLUE 5","Extreme Values (More than 20.49 Providers)","BLUE 5","Extreme Values (More than 572 Dual Eligible Users)","BLUE 4","Top 25% Excl. Extreme Values (28.16% - 45.30% of Total Users)","BLUE 2","Second Lowest 25% (16.76% - 19.95% of Total FFS Beneficiaries)","BLUE 5","Extreme Values (More than $2,334,173.46 )"," "," "," "," "," "," "," "," "," "," "
"2022-04-01 to 2023-03-31","Ambulance (Emergency)",COUNTY,MI,WAYNE,26,163,"161,565",62,262.63,10.08%,"16,283",62,"6,521",40.05%,17.24%,"$11,381,246.05",No,"BLUE 5","Extreme Values (More than 21,751 Beneficiaries)","BLUE 5","Extreme Values (More than 14 Providers)","BLUE 4","Top 25% Excl. Extreme Values (169.83 - 333.82 Users)","BLUE 3","Third Lowest 25% (9.88% - 11.22% of Users)","BLUE 5","Extreme Values (More than 2,224 Users)","BLUE 5","Extreme Values (More than 14.49 Providers)","BLUE 5","Extreme Values (More than 540 Dual Eligible Users)","BLUE 4","Top 25% Excl. Extreme Values (28.86% - 46.45% of Total Users)","BLUE 2","Second Lowest 25% (15.48% - 18.39% of Total FFS Beneficiaries)","BLUE 5","Extreme Values (More than $1,686,765.37 )"," "," "," "," "," "," "," "," "," "," "
"2022-04-01 to 2023-03-31","Ambulance (Non-Emergency)",COUNTY,MI,WAYNE,26,163,"161,565",65,132.88,5.35%,"8,637",65,"3,602",41.70%,9.52%,"$4,799,886.23",No,"BLUE 5","Extreme Values (More than 23,417 Beneficiaries)","BLUE 5","Extreme Values (More than 22 Providers)","BLUE 5","Extreme Values (More than 87.24 Users)","BLUE 4","Top 25% Excl. Extreme Values (4.86% - 8.81% of Users)","BLUE 5","Extreme Values (More than 862 Users)","BLUE 5","Extreme Values (More than 22.99 Providers)","BLUE 5","Extreme Values (More than 240 Dual Eligible Users)","BLUE 4","Top 25% Excl. Extreme Values (32.10% - 51.67% of Total Users)","BLUE 3","Third Lowest 25% (7.77% - 10.18% of Total FFS Beneficiaries)","BLUE 5","Extreme Values (More than $601,436.74 )"," "," "," "," "," "," "," "," "," "," "
"2022-04-01 to 2023-03-31","Cardiac Rehabilitation Program",COUNTY,MI,WAYNE,26,163,"161,294",14,50.29,0.44%,704,14,97,13.78%,0.26%,"$3,030,850.60",No,"BLUE 5","Extreme Values (More than 33,701 Beneficiaries)","BLUE 5","Extreme Values (More than 3 Providers)","BLUE 3","Third Lowest 25% (35.00 - 55.66 Users)","BLUE 2","Second Lowest 25% (0.41% - 0.58% of Users)","BLUE 5","Extreme Values (More than 178 Users)","BLUE 5","Extreme Values (More than 3.49 Providers)","BLUE 5","Extreme Values (More than 52 Dual Eligible Users)","BLUE 4","Top 25% Excl. Extreme Values (12.78% - 23.83% of Total Users)","BLUE 2","Second Lowest 25% (0.19% - 0.34% of Total FFS Beneficiaries)","BLUE 5","Extreme Values (More than $1,223,483.45 )"," "," "," "," "," "," "," "," "," "," "
"2022-04-01 to 2023-03-31","Chiropractic Services",COUNTY,MI,WAYNE,26,163,"161,565",156,32.90,3.18%,"5,132",156,545,10.62%,1.44%,"$1,941,815.32",No,"BLUE 5","Extreme Values (More than 22,311 Beneficiaries)","BLUE 5","Extreme Values (More than 22 Providers)","BLUE 1","Lowest 25% (Less than 35.50 Users)","BLUE 2","Second Lowest 25% (2.69% - 4.22% of Users)","BLUE 5","Extreme Values (More than 1,128 Users)","BLUE 5","Extreme Values (More than 23.24 Providers)","BLUE 5","Extreme Values (More than 105 Dual Eligible Users)","BLUE 4","Top 25% Excl. Extreme Values (9.68% - 17.89% of Total Users)","BLUE 1","Lowest 25% (Less than 1.54% of Total FFS Beneficiaries)","BLUE 5","Extreme Values (More than $295,324.05 )"," "," "," "," "," "," "," "," "," "," "
"2022-04-01 to 2023-03-31","Clinical Laboratory (Billing Independently)",COUNTY,MI,WAYNE,26,163,"161,565",161,261.58,26.07%,"42,114",161,"15,401",36.57%,40.71%,"$17,239,812.71",No,"BLUE 5","Extreme Values (More than 21,268 Beneficiaries)","BLUE 5","Extreme Values (More than 55 Providers)","BLUE 4","Top 25% Excl. Extreme Values (145.20 - 275.80 Users)","BLUE 2","Second Lowest 25% (20.24% - 35.59% of Users)","BLUE 5","Extreme Values (More than 8,095 Users)","BLUE 5","Extreme Values (More than 55.49 Providers)","BLUE 5","Extreme Values (More than 1,121 Dual Eligible Users)","BLUE 5","Extreme Values (More than 30.37% of Total Users)","BLUE 3","Third Lowest 25% (40.21% - 52.45% of Total FFS Beneficiaries)","BLUE 5","Extreme Values (More than $2,115,729.18 )"," "," "," "," "," "," "," "," "," "," "
"2022-04-01 to 2023-03-31",Dialysis,COUNTY,MI,WAYNE,26,163,"161,294",65,33.86,1.36%,"2,201",65,"1,155",52.48%,3.07%,"$51,509,406.40",No,"BLUE 5","Extreme Values (More than 30,911 Beneficiaries)","BLUE 5","Extreme Values (More than 5 Providers)","BLUE 3","Third Lowest 25% (30.00 - 39.99 Users)","BLUE 4","Top 25% Excl. Extreme Values (0.88% - 1.47% of Users)","BLUE 5","Extreme Values (More than 193 Users)","BLUE 5","Extreme Values (More than 5.99 Providers)","BLUE 5","Extreme Values (More than 113 Dual Eligible Users)","BLUE 4","Top 25% Excl. Extreme Values (42.86% - 64.95% of Total Users)","BLUE 4","Top 25% Excl. Extreme Values (2.87% - 4.96% of Total FFS Beneficiaries)","BLUE 5","Extreme Values (More than $4,440,750.95 )"," "," "," "," "," "," "," "," "," "," "
"2022-04-01 to 2023-03-31","Federally Qualified Health Center (FQHC)",COUNTY,MI,WAYNE,26,163,"161,294",29,72.97,1.31%,"2,116",29,"1,401",66.21%,3.73%,"$841,394.63",No,"BLUE 5","Extreme Values (More than 26,303 Beneficiaries)","BLUE 5","Extreme Values (More than 10 Providers)","BLUE 2","Second Lowest 25% (45.00 - 74.37 Users)","BLUE 1","Lowest 25% (Less than 1.38% of Users)","BLUE 5","Extreme Values (More than 1,196 Users)","BLUE 5","Extreme Values (More than 10.99 Providers)","BLUE 5","Extreme Values (More than 465 Dual Eligible Users)","BLUE 4","Top 25% Excl. Extreme Values (45.03% - 78.02% of Total Users)","BLUE 1","Lowest 25% (Less than 6.25% of Total FFS Beneficiaries)","BLUE 5","Extreme Values (More than $584,110.60 )"," "," "," "," "," "," "," "," "," "," "
"2022-04-01 to 2023-03-31","Home Health",COUNTY,MI,WAYNE,26,163,"161,294",177,83.99,9.22%,"14,866",177,"5,254",35.34%,13.97%,"$71,392,604.76",No,"BLUE 5","Extreme Values (More than 22,096 Beneficiaries)","BLUE 5","Extreme Values (More than 14 Providers)","BLUE 3","Third Lowest 25% (66.00 - 117.74 Users)","BLUE 4","Top 25% Excl. Extreme Values (8.02% - 13.01% of Users)","BLUE 5","Extreme Values (More than 1,534 Users)","BLUE 5","Extreme Values (More than 14.49 Providers)","BLUE 5","Extreme Values (More than 280 Dual Eligible Users)","BLUE 4","Top 25% Excl. Extreme Values (21.22% - 35.80% of Total Users)","BLUE 4","Top 25% Excl. Extreme Values (11.14% - 17.92% of Total FFS Beneficiaries)","BLUE 5","Extreme Values (More than $8,259,363.36 )"," "," "," "," "," "," "," "," "," "," "
"2022-04-01 to 2023-03-31",Hospice,COUNTY,MI,WAYNE,26,163,"161,294",46,70.07,2.00%,"3,223",46,822,25.50%,2.19%,"$37,635,412.32",No,"BLUE 5","Extreme Values (More than 23,122 Beneficiaries)","BLUE 5","Extreme Values (More than 10 Providers)","BLUE 3","Third Lowest 25% (46.00 - 71.49 Users)","BLUE 1","Lowest 25% (Less than 2.02% of Users)","BLUE 5","Extreme Values (More than 574 Users)","BLUE 5","Extreme Values (More than 10.99 Providers)","BLUE 5","Extreme Values (More than 122 Dual Eligible Users)","BLUE 4","Top 25% Excl. Extreme Values (23.33% - 39.78% of Total Users)","BLUE 1","Lowest 25% (Less than 2.62% of Total FFS Beneficiaries)","BLUE 5","Extreme Values (More than $7,862,593.99 )"," "," "," "," "," "," "," "," "," "," "
"2022-04-01 to 2023-03-31","Independent Diagnostic Testing Facility Pt A",COUNTY,MI,WAYNE,26,163,"161,294",81,942.19,47.32%,"76,317",81,"19,264",25.24%,51.23%,"$205,088,259.59",No,"BLUE 5","Extreme Values (More than 21,261 Beneficiaries)","BLUE 5","Extreme Values (More than 36 Providers)","BLUE 5","Extreme Values (More than 595.90 Users)","BLUE 3","Third Lowest 25% (44.08% - 52.49% of Users)","BLUE 5","Extreme Values (More than 10,805 Users)","BLUE 5","Extreme Values (More than 36.99 Providers)","BLUE 5","Extreme Values (More than 1,368 Dual Eligible Users)","BLUE 4","Top 25% Excl. Extreme Values (16.07% - 27.27% of Total Users)","BLUE 3","Third Lowest 25% (45.94% - 54.18% of Total FFS Beneficiaries)","BLUE 5","Extreme Values (More than $29,320,333.20 )"," "," "," "," "," "," "," "," "," "," "
"2022-04-01 to 2023-03-31","Independent Diagnostic Testing Facility Pt B",COUNTY,MI,WAYNE,26,163,"161,565",43,148.19,3.94%,"6,372",43,"2,012",31.58%,5.32%,"$2,482,645.95",No,"BLUE 5","Extreme Values (More than 22,158 Beneficiaries)","BLUE 5","Extreme Values (More than 21 Providers)","BLUE 5","Extreme Values (More than 127.68 Users)","BLUE 2","Second Lowest 25% (3.93% - 5.02% of Users)","BLUE 5","Extreme Values (More than 1,332 Users)","BLUE 5","Extreme Values (More than 21.99 Providers)","BLUE 5","Extreme Values (More than 189 Dual Eligible Users)","BLUE 5","Extreme Values (More than 28.61% of Total Users)","BLUE 3","Third Lowest 25% (5.28% - 7.12% of Total FFS Beneficiaries)","BLUE 5","Extreme Values (More than $466,256.38 )"," "," "," "," "," "," "," "," "," "," "
"2022-04-01 to 2023-03-31","Long-Term Care Hospitals",COUNTY,MI,WAYNE,26,163,"161,294",7,66.00,0.29%,462,7,200,43.29%,0.53%,"$24,272,638.86",No,"BLUE 5","Extreme Values (More than 79,474 Beneficiaries)","BLUE 5","Extreme Values (More than 2 Providers)","BLUE 4","Top 25% Excl. Extreme Values (51.84 - 98.08 Users)","BLUE 3","Third Lowest 25% (0.20% - 0.38% of Users)","BLUE 5","Extreme Values (More than 110 Users)","BLUE 5","Extreme Values (More than 2.49 Providers)","BLUE 5","Extreme Values (More than 72 Dual Eligible Users)","BLUE 4","Top 25% Excl. Extreme Values (41.94% - 69.05% of Total Users)","BLUE 2","Second Lowest 25% (0.33% - 0.59% of Total FFS Beneficiaries)","BLUE 5","Extreme Values (More than $5,480,127.17 )"," "," "," "," "," "," "," "," "," "," "
"2022-04-01 to 2023-03-31",Neurology,COUNTY,MI,WAYNE,26,163,"161,884",79,43.62,2.13%,"3,446",79,"1,324",38.42%,3.51%,"$686,192.27",No,"BLUE 5","Extreme Values (More than 28,428 Beneficiaries)","BLUE 5","Extreme Values (More than 7 Providers)","BLUE 2","Second Lowest 25% (38.00 - 49.99 Users)","BLUE 5","Extreme Values (More than 2.05% of Users)","BLUE 5","Extreme Values (More than 303 Users)","BLUE 5","Extreme Values (More than 7.49 Providers)","BLUE 5","Extreme Values (More than 103 Dual Eligible Users)","BLUE 4","Top 25% Excl. Extreme Values (23.16% - 40.25% of Total Users)","BLUE 5","Extreme Values (More than 3.22% of Total FFS Beneficiaries)","BLUE 5","Extreme Values (More than $42,119.20 )"," "," "," "," "," "," "," "," "," "," "
"2022-04-01 to 2023-03-31",Ophthalmology,COUNTY,MI,WAYNE,26,163,"161,565",425,101.23,26.63%,"43,022",425,"8,862",20.60%,23.43%,"$27,735,704.30",No,"BLUE 5","Extreme Values (More than 21,301 Beneficiaries)","BLUE 5","Extreme Values (More than 92 Providers)","BLUE 4","Top 25% Excl. Extreme Values (79.01 - 140.79 Users)","BLUE 1","Lowest 25% (Less than 27.63% of Users)","BLUE 5","Extreme Values (More than 6,961 Users)","BLUE 5","Extreme Values (More than 92.99 Providers)","BLUE 5","Extreme Values (More than 622 Dual Eligible Users)","BLUE 4","Top 25% Excl. Extreme Values (12.57% - 22.34% of Total Users)","BLUE 3","Third Lowest 25% (23.31% - 26.91% of Total FFS Beneficiaries)","BLUE 5","Extreme Values (More than $4,152,124.34 )"," "," "," "," "," "," "," "," "," "," "
"2022-04-01 to 2023-03-31","Physical & Occupational Therapy",COUNTY,MI,WAYNE,26,163,"161,565",475,25.17,7.40%,"11,954",475,"2,662",22.27%,7.04%,"$14,442,807.41",No,"BLUE 5","Extreme Values (More than 22,163 Beneficiaries)","BLUE 5","Extreme Values (More than 50 Providers)","BLUE 1","Lowest 25% (Less than 29.60 Users)","BLUE 3","Third Lowest 25% (6.52% - 9.35% of Users)","BLUE 5","Extreme Values (More than 1,852 Users)","BLUE 5","Extreme Values (More than 50.99 Providers)","BLUE 5","Extreme Values (More than 205 Dual Eligible Users)","BLUE 4","Top 25% Excl. Extreme Values (12.28% - 22.55% of Total Users","BLUE 4","Top 25% Excl. Extreme Values (6.90% - 11.69% of Total FFS Beneficiaries)","BLUE 5","Extreme Values (More than $1,620,361.90 )"," "," "," "," "," "," "," "," "," "," "
"2022-04-01 to 2023-03-31","Podiatry Services",COUNTY,MI,WAYNE,26,163,"161,565",276,98.77,16.87%,"27,261",276,"9,141",33.53%,24.16%,"$6,486,995.56",No,"BLUE 5","Extreme Values (More than 21,837 Beneficiaries)","BLUE 5","Extreme Values (More than 30 Providers)","BLUE 4","Top 25% Excl. Extreme Values (92.23 - 172.67 Users)","BLUE 4","Top 25% Excl. Extreme Values (11.57% - 18.75% of Users)","BLUE 5","Extreme Values (More than 2,330 Users)","BLUE 5","Extreme Values (More than 30.49 Providers)","BLUE 5","Extreme Values (More than 418 Dual Eligible Users)","BLUE 4","Top 25% Excl. Extreme Values (23.23% - 39.71% of Total Users)","BLUE 4","Top 25% Excl. Extreme Values (17.82% - 29.27% of Total FFS Beneficiaries)","BLUE 5","Extreme Values (More than $451,058.43 )"," "," "," "," "," "," "," "," "," "," "
"2022-04-01 to 2023-03-31","Preventive Health Services",COUNTY,MI,WAYNE,26,163,"161,565","1,908",44.63,52.70%,"85,146","1,908.00","21,605",25.37%,57.11%,"$14,277,402.52",No,"BLUE 5","Extreme Values (More than 21,238 Beneficiaries)","BLUE 5","Extreme Values (More than 239 Providers)","BLUE 2","Second Lowest 25% (35.82 - 44.97 Users)","BLUE 2","Second Lowest 25% (46.80% - 55.08% of Users)","BLUE 5","Extreme Values (More than 12,574 Users)","BLUE 5","Extreme Values (More than 239.49 Providers)","BLUE 5","Extreme Values (More than 1,375 Dual Eligible Users)","BLUE 5","Extreme Values (More than 24.99% of Total Users)","BLUE 4","Top 25% Excl. Extreme Values (56.41% - 79.63% of Total FFS Beneficiaries)","BLUE 5","Extreme Values (More than $2,079,459.43 )"," "," "," "," "," "," "," "," "," "," "
"2022-04-01 to 2023-03-31",Psychotherapy,COUNTY,MI,WAYNE,26,163,"161,565",357,32.96,7.28%,"11,766",357,"5,563",47.28%,14.70%,"$8,744,227.77",No,"BLUE 5","Extreme Values (More than 22,963 Beneficiaries)","BLUE 5","Extreme Values (More than 24 Providers)","BLUE 1","Lowest 25% (Less than 36.75 Users)","BLUE 4","Top 25% Excl. Extreme Values (4.52% - 7.40% of Users)","BLUE 5","Extreme Values (More than 982 Users)","BLUE 5","Extreme Values (More than 24.99 Providers)","BLUE 5","Extreme Values (More than 342 Dual Eligible Users)","BLUE 4","Top 25% Excl. Extreme Values (41.42% - 66.67% of Total Users)","BLUE 4","Top 25% Excl. Extreme Values (13.51% - 22.92% of Total FFS Beneficiaries)","BLUE 5","Extreme Values (More than $525,758.59 )"," "," "," "," "," "," "," "," "," "," "
"2022-04-01 to 2023-03-31",Pulmonology,COUNTY,MI,WAYNE,26,163,"161,565","1,226",30.05,22.80%,"36,844","1,226.00","9,833",26.69%,25.99%,"$6,344,316.70",No,"BLUE 5","Extreme Values (More than 21,365 Beneficiaries)","BLUE 5","Extreme Values (More than 139 Providers)","BLUE 1","Lowest 25% (Less than 37.45 Users)","BLUE 3","Third Lowest 25% (22.11% - 24.95% of Users)","BLUE 5","Extreme Values (More than 5,081 Users)","BLUE 5","Extreme Values (More than 140.24 Providers)","BLUE 5","Extreme Values (More than 618 Dual Eligible Users)","BLUE 5","Extreme Values (More than 26.29% of Total Users)","BLUE 4","Top 25% Excl. Extreme Values (24.53% - 32.97% of Total FFS Beneficiaries)","BLUE 5","Extreme Values (More than $814,632.61 )"," "," "," "," "," "," "," "," "," "," "
"2022-04-01 to 2023-03-31","Skilled Nursing Facility",COUNTY,MI,WAYNE,26,163,"161,294",104,57.13,3.68%,"5,942",104,"2,187",36.81%,5.82%,"$94,864,483.63",No,"BLUE 5","Extreme Values (More than 23,437 Beneficiaries)","BLUE 5","Extreme Values (More than 15 Providers)","BLUE 3","Third Lowest 25% (48.39 - 63.68 Users)","BLUE 3","Third Lowest 25% (3.18% - 3.96% of Users)","BLUE 5","Extreme Values (More than 770 Users)","BLUE 5","Extreme Values (More than 15.99 Providers)","BLUE 5","Extreme Values (More than 200 Dual Eligible Users)","BLUE 4","Top 25% Excl. Extreme Values (32.38% - 53.00% of Total Users)","BLUE 2","Second Lowest 25% (4.96% - 6.51% of Total FFS Beneficiaries)","BLUE 5","Extreme Values (More than $13,153,553.75 )"," "," "," "," "," "," "," "," "," "," "
"2022-04-01 to 2023-03-31",Telemedicine,COUNTY,MI,WAYNE,26,163,"161,565",236,46.23,6.75%,"10,911",236,"4,653",42.65%,12.30%,"$2,684,433.81",No,"BLUE 5","Extreme Values (More than 22,296 Beneficiaries)","BLUE 5","Extreme Values (More than 14 Providers)","BLUE 2","Second Lowest 25% (44.57 - 57.24 Users)","BLUE 4","Top 25% Excl. Extreme Values (4.19% - 7.30% of Users)","BLUE 5","Extreme Values (More than 735 Users)","BLUE 5","Extreme Values (More than 14.99 Providers)","BLUE 5","Extreme Values (More than 227 Dual Eligible Users)","BLUE 4","Top 25% Excl. Extreme Values (36.62% - 61.54% of Total Users)","BLUE 4","Top 25% Excl. Extreme Values (9.69% - 16.75% of Total FFS Beneficiaries)","BLUE 5","Extreme Values (More than $134,616.41 )"," "," "," "," "," "," "," "," "," "," "
"2022-07-01 to 2023-06-30","Ambulance (Emergency & Non-Emergency)",COUNTY,MI,WAYNE,26,163,"161,531",67,271.42,11.26%,"18,185",67,"6,350",34.92%,18.19%,"$15,890,232.28",No,"BLUE 5","Extreme Values (More than 21,782 Beneficiaries)","BLUE 5","Extreme Values (More than 20 Providers)","BLUE 5","Extreme Values (More than 256.72 Users)","BLUE 3","Third Lowest 25% (10.74% - 12.17% of Users)","BLUE 5","Extreme Values (More than 2,393 Users)","BLUE 5","Extreme Values (More than 20.49 Providers)","BLUE 5","Extreme Values (More than 552 Dual Eligible Users)","BLUE 4","Top 25% Excl. Extreme Values (27.74% - 44.71% of Total Users)","BLUE 2","Second Lowest 25% (16.56% - 19.63% of Total FFS Beneficiaries)","BLUE 5","Extreme Values (More than $2,310,878.80 )"," "," "," "," "," "," "," "," "," "," "
"2022-07-01 to 2023-06-30","Ambulance (Emergency)",COUNTY,MI,WAYNE,26,163,"161,531",64,246.58,9.77%,"15,781",64,"5,593",35.44%,16.02%,"$11,111,135.27",No,"BLUE 5","Extreme Values (More than 21,785 Beneficiaries)","BLUE 5","Extreme Values (More than 14 Providers)","BLUE 4","Top 25% Excl. Extreme Values (168.50 - 331.24 Users)","BLUE 3","Third Lowest 25% (9.66% - 11.02% of Users)","BLUE 5","Extreme Values (More than 2,193 Users)","BLUE 5","Extreme Values (More than 14.49 Providers)","BLUE 5","Extreme Values (More than 518 Dual Eligible Users)","BLUE 4","Top 25% Excl. Extreme Values (28.45% - 45.87% of Total Users)","BLUE 2","Second Lowest 25% (15.18% - 18.04% of Total FFS Beneficiaries)","BLUE 5","Extreme Values (More than $1,683,144.03 )"," "," "," "," "," "," "," "," "," "," "
"2022-07-01 to 2023-06-30","Ambulance (Non-Emergency)",COUNTY,MI,WAYNE,26,163,"161,531",67,125.87,5.22%,"8,433",67,"2,946",34.93%,8.44%,"$4,696,664.29",No,"BLUE 5","Extreme Values (More than 23,445 Beneficiaries)","BLUE 5","Extreme Values (More than 22 Providers)","BLUE 5","Extreme Values (More than 85.64 Users)","BLUE 4","Top 25% Excl. Extreme Values (4.79% - 8.74% of Users)","BLUE 5","Extreme Values (More than 841 Users)","BLUE 5","Extreme Values (More than 22.99 Providers)","BLUE 5","Extreme Values (More than 230 Dual Eligible Users)","BLUE 4","Top 25% Excl. Extreme Values (31.36% - 50.01% of Total Users)","BLUE 3","Third Lowest 25% (7.75% - 10.16% of Total FFS Beneficiaries)","BLUE 5","Extreme Values (More than $598,425.86 )"," "," "," "," "," "," "," "," "," "," "
"2022-07-01 to 2023-06-30","Cardiac Rehabilitation Program",COUNTY,MI,WAYNE,26,163,"161,268",14,48.86,0.42%,684,14,83,12.13%,0.24%,"$2,995,219.79",No,"BLUE 5","Extreme Values (More than 33,698 Beneficiaries)","BLUE 5","Extreme Values (More than 3 Providers)","BLUE 3","Third Lowest 25% (34.00 - 54.99 Users)","BLUE 2","Second Lowest 25% (0.41% - 0.59% of Users)","BLUE 5","Extreme Values (More than 178 Users)","BLUE 5","Extreme Values (More than 3.49 Providers)","BLUE 5","Extreme Values (More than 55 Dual Eligible Users)","BLUE 3","Third Lowest 25% (8.19% - 12.60% of Total Users)","BLUE 2","Second Lowest 25% (0.19% - 0.32% of Total FFS Beneficiaries)","BLUE 5","Extreme Values (More than $1,217,284.60 )"," "," "," "," "," "," "," "," "," "," "
"2022-07-01 to 2023-06-30","Chiropractic Services",COUNTY,MI,WAYNE,26,163,"161,531",168,30.73,3.20%,"5,162",168,501,9.71%,1.44%,"$1,886,181.37",No,"BLUE 5","Extreme Values (More than 22,370 Beneficiaries)","BLUE 5","Extreme Values (More than 24 Providers)","BLUE 1","Lowest 25% (Less than 35.50 Users)","BLUE 2","Second Lowest 25% (2.70% - 4.24% of Users)","BLUE 5","Extreme Values (More than 1,143 Users)","BLUE 5","Extreme Values (More than 24.49 Providers)","BLUE 5","Extreme Values (More than 101 Dual Eligible Users)","BLUE 4","Top 25% Excl. Extreme Values (9.40% - 17.46% of Total Users)","BLUE 1","Lowest 25% (Less than 1.54% of Total FFS Beneficiaries)","BLUE 5","Extreme Values (More than $292,832.73 )"," "," "," "," "," "," "," "," "," "," "
"2022-07-01 to 2023-06-30","Clinical Laboratory (Billing Independently)",COUNTY,MI,WAYNE,26,163,"161,531",150,275.51,25.58%,"41,327",150,"13,863",33.54%,39.72%,"$16,413,197.84",No,"BLUE 5","Extreme Values (More than 21,288 Beneficiaries)","BLUE 5","Extreme Values (More than 55 Providers)","BLUE 5","Extreme Values (More than 274.73 Users)","BLUE 2","Second Lowest 25% (20.13% - 35.31% of Users)","BLUE 5","Extreme Values (More than 7,966 Users)","BLUE 5","Extreme Values (More than 55.49 Providers)","BLUE 5","Extreme Values (More than 1,097 Dual Eligible Users)","BLUE 5","Extreme Values (More than 29.85% of Total Users)","BLUE 2","Second Lowest 25% (25.70% - 39.73% of Total FFS Beneficiaries)","BLUE 5","Extreme Values (More than $2,123,199.10 )"," "," "," "," "," "," "," "," "," "," "
"2022-07-01 to 2023-06-30",Dialysis,COUNTY,MI,WAYNE,26,163,"161,268",66,33.20,1.36%,"2,191",66,"1,052",48.01%,3.03%,"$50,284,383.01",No,"BLUE 5","Extreme Values (More than 30,977 Beneficiaries)","BLUE 5","Extreme Values (More than 5 Providers)","BLUE 3","Third Lowest 25% (30.00 - 39.85 Users)","BLUE 4","Top 25% Excl. Extreme Values (0.87% - 1.46% of Users)","BLUE 5","Extreme Values (More than 185 Users)","BLUE 5","Extreme Values (More than 5.99 Providers)","BLUE 5","Extreme Values (More than 113 Dual Eligible Users)","BLUE 4","Top 25% Excl. Extreme Values (43.04% - 65.88% of Total Users)","BLUE 4","Top 25% Excl. Extreme Values (2.84% - 4.89% of Total FFS Beneficiaries)","BLUE 5","Extreme Values (More than $4,319,545.98 )"," "," "," "," "," "," "," "," "," "," "
"2022-07-01 to 2023-06-30","Federally Qualified Health Center (FQHC)",COUNTY,MI,WAYNE,26,163,"161,268",30,69.67,1.30%,"2,090",30,"1,319",63.11%,3.79%,"$766,987.37",No,"BLUE 5","Extreme Values (More than 26,092 Beneficiaries)","BLUE 5","Extreme Values (More than 10 Providers)","BLUE 2","Second Lowest 25% (44.53 - 73.99 Users)","BLUE 1","Lowest 25% (Less than 1.39% of Users)","BLUE 5","Extreme Values (More than 1,179 Users)","BLUE 5","Extreme Values (More than 10.99 Providers)","BLUE 5","Extreme Values (More than 455 Dual Eligible Users)","BLUE 4","Top 25% Excl. Extreme Values (44.44% - 77.15% of Total Users)","BLUE 1","Lowest 25% (Less than 6.25% of Total FFS Beneficiaries)","BLUE 5","Extreme Values (More than $574,015.81 )"," "," "," "," "," "," "," "," "," "," "
"2022-07-01 to 2023-06-30","Home Health",COUNTY,MI,WAYNE,26,163,"161,268",171,84.39,8.95%,"14,430",171,"4,553",31.55%,13.10%,"$68,908,760.51",No,"BLUE 5","Extreme Values (More than 22,167 Beneficiaries)","BLUE 5","Extreme Values (More than 14 Providers)","BLUE 3","Third Lowest 25% (65.00 - 116.74 Users)","BLUE 4","Top 25% Excl. Extreme Values (7.89% - 12.79% of Users)","BLUE 5","Extreme Values (More than 1,502 Users)","BLUE 5","Extreme Values (More than 14.49 Providers)","BLUE 5","Extreme Values (More than 280 Dual Eligible Users)","BLUE 4","Top 25% Excl. Extreme Values (20.89% - 35.39% of Total Users)","BLUE 4","Top 25% Excl. Extreme Values (10.89% - 17.47% of Total FFS Beneficiaries)","BLUE 5","Extreme Values (More than $8,034,044.73 )"," "," "," "," "," "," "," "," "," "," "
"2022-07-01 to 2023-06-30",Hospice,COUNTY,MI,WAYNE,26,163,"161,268",45,71.42,1.99%,"3,214",45,606,18.86%,1.74%,"$37,708,229.20",No,"BLUE 5","Extreme Values (More than 23,183 Beneficiaries)","BLUE 5","Extreme Values (More than 10 Providers)","BLUE 4","Top 25% Excl. Extreme Values (70.50 - 126.74 Users)","BLUE 1","Lowest 25% (Less than 2.03% of Users)","BLUE 5","Extreme Values (More than 579 Users)","BLUE 5","Extreme Values (More than 10.99 Providers)","BLUE 5","Extreme Values (More than 117 Dual Eligible Users)","BLUE 3","Third Lowest 25% (16.89% - 22.72% of Total Users)","BLUE 1","Lowest 25% (Less than 2.59% of Total FFS Beneficiaries)","BLUE 5","Extreme Values (More than $7,900,109.16 )"," "," "," "," "," "," "," "," "," "," "
"2022-07-01 to 2023-06-30","Independent Diagnostic Testing Facility Pt A",COUNTY,MI,WAYNE,26,163,"161,268",81,936.14,47.02%,"75,827",81,"17,617",23.23%,50.68%,"$203,360,316.86",No,"BLUE 5","Extreme Values (More than 21,283 Beneficiaries)","BLUE 5","Extreme Values (More than 36 Providers)","BLUE 5","Extreme Values (More than 601.96 Users)","BLUE 3","Third Lowest 25% (43.85% - 52.42% of Users)","BLUE 5","Extreme Values (More than 10,744 Users)","BLUE 5","Extreme Values (More than 36.99 Providers)","BLUE 5","Extreme Values (More than 1,335 Dual Eligible Users)","BLUE 4","Top 25% Excl. Extreme Values (15.72% - 26.66% of Total Users)","BLUE 3","Third Lowest 25% (45.48% - 53.72% of Total FFS Beneficiaries)","BLUE 5","Extreme Values (More than $29,495,638.68 )"," "," "," "," "," "," "," "," "," "," "
"2022-07-01 to 2023-06-30","Independent Diagnostic Testing Facility Pt B",COUNTY,MI,WAYNE,26,163,"161,531",45,137.40,3.83%,"6,183",45,"1,696",27.43%,4.86%,"$2,327,703.69",No,"BLUE 5","Extreme Values (More than 22,085 Beneficiaries)","BLUE 5","Extreme Values (More than 21 Providers)","BLUE 5","Extreme Values (More than 127.04 Users)","BLUE 1","Lowest 25% (Less than 3.94% of Users)","BLUE 5","Extreme Values (More than 1,345 Users)","BLUE 5","Extreme Values (More than 21.99 Providers)","BLUE 5","Extreme Values (More than 189 Dual Eligible Users)","BLUE 4","Top 25% Excl. Extreme Values (15.83% - 27.60% of Total Users)","BLUE 2","Second Lowest 25% (3.88% - 5.22% of Total FFS Beneficiaries)","BLUE 5","Extreme Values (More than $466,167.88 )"," "," "," "," "," "," "," "," "," "," "
"2022-07-01 to 2023-06-30","Long-Term Care Hospitals",COUNTY,MI,WAYNE,26,163,"161,268",7,65.43,0.28%,458,7,171,37.34%,0.49%,"$25,105,916.55",No,"BLUE 5","Extreme Values (More than 82,013 Beneficiaries)","BLUE 5","Extreme Values (More than 2 Providers)","BLUE 4","Top 25% Excl. Extreme Values (51.00 - 95.99 Users)","BLUE 3","Third Lowest 25% (0.20% - 0.38% of Users)","BLUE 5","Extreme Values (More than 108 Users)","BLUE 5","Extreme Values (More than 2.49 Providers)","BLUE 5","Extreme Values (More than 73 Dual Eligible Users)","BLUE 3","Third Lowest 25% (30.23% - 40.73% of Total Users)","BLUE 2","Second Lowest 25% (0.31% - 0.55% of Total FFS Beneficiaries)","BLUE 5","Extreme Values (More than $5,637,287.42 )"," "," "," "," "," "," "," "," "," "," "
"2022-07-01 to 2023-06-30",Neurology,COUNTY,MI,WAYNE,26,163,"161,846",74,45.26,2.07%,"3,349",74,"1,168",34.88%,3.36%,"$668,970.52",No,"BLUE 5","Extreme Values (More than 28,405 Beneficiaries)","BLUE 5","Extreme Values (More than 4 Providers)","BLUE 2","Second Lowest 25% (39.00 - 49.99 Users)","BLUE 5","Extreme Values (More than 2.00% of Users)","BLUE 5","Extreme Values (More than 302 Users)","BLUE 5","Extreme Values (More than 4.99 Providers)","BLUE 5","Extreme Values (More than 107 Dual Eligible Users)","BLUE 4","Top 25% Excl. Extreme Values (22.92% - 40.16% of Total Users)","BLUE 5","Extreme Values (More than 3.15% of Total FFS Beneficiaries)","BLUE 5","Extreme Values (More than $40,918.98 )"," "," "," "," "," "," "," "," "," "," "
"2022-07-01 to 2023-06-30",Ophthalmology,COUNTY,MI,WAYNE,26,163,"161,531",419,102.00,26.46%,"42,736",419,"7,928",18.55%,22.71%,"$27,555,750.95",No,"BLUE 5","Extreme Values (More than 21,299 Beneficiaries)","BLUE 5","Extreme Values (More than 91 Providers)","BLUE 4","Top 25% Excl. Extreme Values (78.18 - 138.50 Users)","BLUE 1","Lowest 25% (Less than 27.51% of Users)","BLUE 5","Extreme Values (More than 6,905 Users)","BLUE 5","Extreme Values (More than 91.74 Providers)","BLUE 5","Extreme Values (More than 603 Dual Eligible Users)","BLUE 4","Top 25% Excl. Extreme Values (12.30% - 21.89% of Total Users)","BLUE 2","Second Lowest 25% (19.91% - 22.97% of Total FFS Beneficiaries)","BLUE 5","Extreme Values (More than $4,151,814.18 )"," "," "," "," "," "," "," "," "," "," "
"2022-07-01 to 2023-06-30","Physical & Occupational Therapy",COUNTY,MI,WAYNE,26,163,"161,531",478,24.81,7.34%,"11,858",478,"2,370",19.99%,6.79%,"$14,282,694.39",No,"BLUE 5","Extreme Values (More than 22,078 Beneficiaries)","BLUE 5","Extreme Values (More than 50 Providers)","BLUE 1","Lowest 25% (Less than 29.58 Users)","BLUE 3","Third Lowest 25% (6.58% - 9.36% of Users)","BLUE 5","Extreme Values (More than 1,852 Users)","BLUE 5","Extreme Values (More than 50.99 Providers)","BLUE 5","Extreme Values (More than 204 Dual Eligible Users)","BLUE 4","Top 25% Excl. Extreme Values (11.97% - 21.86% of Total Users","BLUE 3","Third Lowest 25% (5.10% - 6.94% of Total FFS Beneficiaries)","BLUE 5","Extreme Values (More than $1,632,610.05 )"," "," "," "," "," "," "," "," "," "," "
"2022-07-01 to 2023-06-30","Podiatry Services",COUNTY,MI,WAYNE,26,163,"161,531",271,98.19,16.47%,"26,610",271,"7,676",28.85%,21.99%,"$6,164,370.07",No,"BLUE 5","Extreme Values (More than 21,827 Beneficiaries)","BLUE 5","Extreme Values (More than 30 Providers)","BLUE 4","Top 25% Excl. Extreme Values (92.60 - 174.19 Users)","BLUE 4","Top 25% Excl. Extreme Values (11.55% - 18.79% of Users)","BLUE 5","Extreme Values (More than 2,343 Users)","BLUE 5","Extreme Values (More than 30.49 Providers)","BLUE 5","Extreme Values (More than 402 Dual Eligible Users)","BLUE 4","Top 25% Excl. Extreme Values (22.87% - 38.94% of Total Users)","BLUE 4","Top 25% Excl. Extreme Values (17.77% - 29.28% of Total FFS Beneficiaries)","BLUE 5","Extreme Values (More than $445,943.84 )"," "," "," "," "," "," "," "," "," "," "
"2022-07-01 to 2023-06-30","Preventive Health Services",COUNTY,MI,WAYNE,26,163,"161,531","1,933",43.67,52.26%,"84,421","1,933.00","19,801",23.46%,56.73%,"$14,218,849.89",No,"BLUE 5","Extreme Values (More than 21,277 Beneficiaries)","BLUE 5","Extreme Values (More than 248 Providers)","BLUE 2","Second Lowest 25% (35.71 - 44.80 Users)","BLUE 2","Second Lowest 25% (46.82% - 55.06% of Users)","BLUE 5","Extreme Values (More than 12,519 Users)","BLUE 5","Extreme Values (More than 248.49 Providers)","BLUE 5","Extreme Values (More than 1,341 Dual Eligible Users)","BLUE 4","Top 25% Excl. Extreme Values (14.18% - 24.57% of Total Users)","BLUE 4","Top 25% Excl. Extreme Values (56.62% - 77.37% of Total FFS Beneficiaries)","BLUE 5","Extreme Values (More than $2,064,363.27 )"," "," "," "," "," "," "," "," "," "," "
"2022-07-01 to 2023-06-30",Psychotherapy,COUNTY,MI,WAYNE,26,163,"161,531",357,32.36,7.15%,"11,552",357,"4,809",41.63%,13.78%,"$8,114,478.36",No,"BLUE 5","Extreme Values (More than 22,961 Beneficiaries)","BLUE 5","Extreme Values (More than 24 Providers)","BLUE 1","Lowest 25% (Less than 36.86 Users)","BLUE 4","Top 25% Excl. Extreme Values (4.45% - 7.29% of Users)","BLUE 5","Extreme Values (More than 965 Users)","BLUE 5","Extreme Values (More than 24.99 Providers)","BLUE 5","Extreme Values (More than 339 Dual Eligible Users)","BLUE 4","Top 25% Excl. Extreme Values (40.83% - 65.65% of Total Users)","BLUE 4","Top 25% Excl. Extreme Values (13.43% - 22.74% of Total FFS Beneficiaries)","BLUE 5","Extreme Values (More than $517,241.79 )"," "," "," "," "," "," "," "," "," "," "
"2022-07-01 to 2023-06-30",Pulmonology,COUNTY,MI,WAYNE,26,163,"161,531","1,223",29.64,22.44%,"36,249","1,223.00","9,054",24.98%,25.94%,"$6,182,459.44",No,"BLUE 5","Extreme Values (More than 21,334 Beneficiaries)","BLUE 5","Extreme Values (More than 138 Providers)","BLUE 1","Lowest 25% (Less than 37.49 Users)","BLUE 3","Third Lowest 25% (21.97% - 24.85% of Users)","BLUE 5","Extreme Values (More than 5,072 Users)","BLUE 5","Extreme Values (More than 138.99 Providers)","BLUE 5","Extreme Values (More than 596 Dual Eligible Users)","BLUE 4","Top 25% Excl. Extreme Values (15.02% - 25.42% of Total Users)","BLUE 4","Top 25% Excl. Extreme Values (24.10% - 32.24% of Total FFS Beneficiaries)","BLUE 5","Extreme Values (More than $806,869.72 )"," "," "," "," "," "," "," "," "," "," "
"2022-07-01 to 2023-06-30","Skilled Nursing Facility",COUNTY,MI,WAYNE,26,163,"161,268",101,56.93,3.57%,"5,750",101,"1,708",29.70%,4.91%,"$92,883,704.24",No,"BLUE 5","Extreme Values (More than 23,434 Beneficiaries)","BLUE 5","Extreme Values (More than 13 Providers)","BLUE 3","Third Lowest 25% (48.00 - 62.99 Users)","BLUE 3","Third Lowest 25% (3.11% - 3.85% of Users)","BLUE 5","Extreme Values (More than 743 Users)","BLUE 5","Extreme Values (More than 13.49 Providers)","BLUE 5","Extreme Values (More than 197 Dual Eligible Users)","BLUE 3","Third Lowest 25% (24.55% - 32.36% of Total Users)","BLUE 2","Second Lowest 25% (4.81% - 6.38% of Total FFS Beneficiaries)","BLUE 5","Extreme Values (More than $12,854,902.70 )"," "," "," "," "," "," "," "," "," "," "
"2022-07-01 to 2023-06-30",Telemedicine,COUNTY,MI,WAYNE,26,163,"161,531",219,47.53,6.44%,"10,409",219,"4,085",39.24%,11.70%,"$2,477,323.38",No,"BLUE 5","Extreme Values (More than 22,343 Beneficiaries)","BLUE 5","Extreme Values (More than 14 Providers)","BLUE 2","Second Lowest 25% (44.28 - 57.86 Users)","BLUE 4","Top 25% Excl. Extreme Values (4.12% - 7.11% of Users)","BLUE 5","Extreme Values (More than 725 Users)","BLUE 5","Extreme Values (More than 14.99 Providers)","BLUE 5","Extreme Values (More than 224 Dual Eligible Users)","BLUE 4","Top 25% Excl. Extreme Values (35.35% - 59.46% of Total Users)","BLUE 4","Top 25% Excl. Extreme Values (9.46% - 16.31% of Total FFS Beneficiaries)","BLUE 5","Extreme Values (More than $133,887.04 )"," "," "," "," "," "," "," "," "," "," "
"2022-10-01 to 2023-09-30","Ambulance (Emergency & Non-Emergency)",COUNTY,MI,WAYNE,26,163,"161,060",66,268.71,11.01%,"17,735",66,"6,088",34.33%,18.05%,"$15,719,200.72",No,"BLUE 5","Extreme Values (More than 21,871 Beneficiaries)","BLUE 5","Extreme Values (More than 20 Providers)","BLUE 5","Extreme Values (More than 251.92 Users)","BLUE 3","Third Lowest 25% (10.52% - 11.95% of Users)","BLUE 5","Extreme Values (More than 2,359 Users)","BLUE 5","Extreme Values (More than 20.49 Providers)","BLUE 5","Extreme Values (More than 535 Dual Eligible Users)","BLUE 4","Top 25% Excl. Extreme Values (27.67% - 44.97% of Total Users)","BLUE 2","Second Lowest 25% (16.19% - 19.22% of Total FFS Beneficiaries)","BLUE 5","Extreme Values (More than $2,329,923.35 )"," "," "," "," "," "," "," "," "," "," "
"2022-10-01 to 2023-09-30","Ambulance (Emergency)",COUNTY,MI,WAYNE,26,163,"161,060",65,234.51,9.46%,"15,243",65,"5,327",34.95%,15.79%,"$10,903,758.54",No,"BLUE 5","Extreme Values (More than 21,936 Beneficiaries)","BLUE 5","Extreme Values (More than 14 Providers)","BLUE 4","Top 25% Excl. Extreme Values (168.84 - 333.02 Users)","BLUE 2","Second Lowest 25% (7.58% - 9.48% of Users)","BLUE 5","Extreme Values (More than 2,172 Users)","BLUE 5","Extreme Values (More than 14.49 Providers)","BLUE 5","Extreme Values (More than 505 Dual Eligible Users)","BLUE 4","Top 25% Excl. Extreme Values (28.26% - 45.88% of Total Users)","BLUE 2","Second Lowest 25% (14.81% - 17.68% of Total FFS Beneficiaries)","BLUE 5","Extreme Values (More than $1,726,009.98 )"," "," "," "," "," "," "," "," "," "," "
"2022-10-01 to 2023-09-30","Ambulance (Non-Emergency)",COUNTY,MI,WAYNE,26,163,"161,060",66,126.15,5.17%,"8,326",66,"2,864",34.40%,8.49%,"$4,730,602.01",No,"BLUE 5","Extreme Values (More than 23,700 Beneficiaries)","BLUE 5","Extreme Values (More than 22 Providers)","BLUE 5","Extreme Values (More than 85.49 Users)","BLUE 4","Top 25% Excl. Extreme Values (4.73% - 8.56% of Users)","BLUE 5","Extreme Values (More than 830 Users)","BLUE 5","Extreme Values (More than 22.99 Providers)","BLUE 5","Extreme Values (More than 230 Dual Eligible Users)","BLUE 4","Top 25% Excl. Extreme Values (31.30% - 50.22% of Total Users)","BLUE 3","Third Lowest 25% (7.69% - 10.06% of Total FFS Beneficiaries)","BLUE 5","Extreme Values (More than $600,218.94 )"," "," "," "," "," "," "," "," "," "," "
"2022-10-01 to 2023-09-30","Cardiac Rehabilitation Program",COUNTY,MI,WAYNE,26,163,"160,583",14,48.93,0.43%,685,14,83,12.12%,0.25%,"$2,757,532.16",No,"BLUE 5","Extreme Values (More than 33,316 Beneficiaries)","BLUE 5","Extreme Values (More than 3 Providers)","BLUE 3","Third Lowest 25% (34.00 - 54.58 Users)","BLUE 2","Second Lowest 25% (0.42% - 0.59% of Users)","BLUE 5","Extreme Values (More than 175 Users)","BLUE 5","Extreme Values (More than 3.49 Providers)","BLUE 5","Extreme Values (More than 55 Dual Eligible Users)","BLUE 3","Third Lowest 25% (8.12% - 12.55% of Total Users)","BLUE 2","Second Lowest 25% (0.19% - 0.32% of Total FFS Beneficiaries)","BLUE 5","Extreme Values (More than $1,199,460.34 )"," "," "," "," "," "," "," "," "," "," "
"2022-10-01 to 2023-09-30","Chiropractic Services",COUNTY,MI,WAYNE,26,163,"161,060",164,30.93,3.15%,"5,073",164,485,9.56%,1.44%,"$1,849,049.85",No,"BLUE 5","Extreme Values (More than 22,506 Beneficiaries)","BLUE 5","Extreme Values (More than 24 Providers)","BLUE 1","Lowest 25% (Less than 35.32 Users)","BLUE 2","Second Lowest 25% (2.71% - 4.21% of Users)","BLUE 5","Extreme Values (More than 1,145 Users)","BLUE 5","Extreme Values (More than 24.49 Providers)","BLUE 5","Extreme Values (More than 100 Dual Eligible Users)","BLUE 4","Top 25% Excl. Extreme Values (9.21% - 17.21% of Total Users)","BLUE 1","Lowest 25% (Less than 1.50% of Total FFS Beneficiaries)","BLUE 5","Extreme Values (More than $289,758.85 )"," "," "," "," "," "," "," "," "," "," "
"2022-10-01 to 2023-09-30","Clinical Laboratory (Billing Independently)",COUNTY,MI,WAYNE,26,163,"161,060",154,276.85,26.47%,"42,635",154,"13,760",32.27%,40.79%,"$16,764,170.83",No,"BLUE 5","Extreme Values (More than 21,433 Beneficiaries)","BLUE 5","Extreme Values (More than 57 Providers)","BLUE 5","Extreme Values (More than 260.99 Users)","BLUE 2","Second Lowest 25% (20.04% - 34.88% of Users)","BLUE 5","Extreme Values (More than 7,998 Users)","BLUE 5","Extreme Values (More than 57.99 Providers)","BLUE 5","Extreme Values (More than 1,075 Dual Eligible Users)","BLUE 5","Extreme Values (More than 29.38% of Total Users)","BLUE 3","Third Lowest 25% (39.30% - 51.48% of Total FFS Beneficiaries)","BLUE 5","Extreme Values (More than $2,228,201.77 )"," "," "," "," "," "," "," "," "," "," "
"2022-10-01 to 2023-09-30",Dialysis,COUNTY,MI,WAYNE,26,163,"160,583",67,31.70,1.32%,"2,124",67,981,46.19%,2.92%,"$48,868,048.18",No,"BLUE 5","Extreme Values (More than 31,510 Beneficiaries)","BLUE 5","Extreme Values (More than 5 Providers)","BLUE 3","Third Lowest 25% (29.66 - 39.39 Users)","BLUE 4","Top 25% Excl. Extreme Values (0.85% - 1.43% of Users)","BLUE 5","Extreme Values (More than 184 Users)","BLUE 5","Extreme Values (More than 5.99 Providers)","BLUE 5","Extreme Values (More than 112 Dual Eligible Users)","BLUE 4","Top 25% Excl. Extreme Values (43.04% - 65.80% of Total Users)","BLUE 4","Top 25% Excl. Extreme Values (2.82% - 4.87% of Total FFS Beneficiaries)","BLUE 5","Extreme Values (More than $4,269,391.57 )"," "," "," "," "," "," "," "," "," "," "
"2022-10-01 to 2023-09-30","Federally Qualified Health Center (FQHC)",COUNTY,MI,WAYNE,26,163,"160,583",31,68.13,1.32%,"2,112",31,"1,341",63.49%,3.99%,"$757,852.82",No,"BLUE 5","Extreme Values (More than 26,126 Beneficiaries)","BLUE 5","Extreme Values (More than 10 Providers)","BLUE 2","Second Lowest 25% (45.00 - 71.66 Users)","BLUE 1","Lowest 25% (Less than 1.35% of Users)","BLUE 5","Extreme Values (More than 1,143 Users)","BLUE 5","Extreme Values (More than 10.99 Providers)","BLUE 5","Extreme Values (More than 434 Dual Eligible Users)","BLUE 4","Top 25% Excl. Extreme Values (44.11% - 76.40% of Total Users)","BLUE 1","Lowest 25% (Less than 6.13% of Total FFS Beneficiaries)","BLUE 5","Extreme Values (More than $566,459.59 )"," "," "," "," "," "," "," "," "," "," "
"2022-10-01 to 2023-09-30","Home Health",COUNTY,MI,WAYNE,26,163,"160,583",157,88.29,8.63%,"13,862",157,"4,225",30.48%,12.56%,"$66,849,271.65",No,"BLUE 5","Extreme Values (More than 22,235 Beneficiaries)","BLUE 5","Extreme Values (More than 14 Providers)","BLUE 3","Third Lowest 25% (64.00 - 116.49 Users)","BLUE 4","Top 25% Excl. Extreme Values (7.72% - 12.53% of Users)","BLUE 5","Extreme Values (More than 1,458 Users)","BLUE 5","Extreme Values (More than 14.49 Providers)","BLUE 5","Extreme Values (More than 271 Dual Eligible Users)","BLUE 4","Top 25% Excl. Extreme Values (20.51% - 34.51% of Total Users)","BLUE 4","Top 25% Excl. Extreme Values (10.54% - 16.88% of Total FFS Beneficiaries)","BLUE 5","Extreme Values (More than $7,923,567.81 )"," "," "," "," "," "," "," "," "," "," "
"2022-10-01 to 2023-09-30",Hospice,COUNTY,MI,WAYNE,26,163,"160,583",44,72.32,1.98%,"3,182",44,584,18.35%,1.74%,"$38,088,942.48",No,"BLUE 5","Extreme Values (More than 23,233 Beneficiaries)","BLUE 5","Extreme Values (More than 10 Providers)","BLUE 4","Top 25% Excl. Extreme Values (71.00 - 129.49 Users)","BLUE 1","Lowest 25% (Less than 2.01% of Users)","BLUE 5","Extreme Values (More than 574 Users)","BLUE 5","Extreme Values (More than 10.99 Providers)","BLUE 5","Extreme Values (More than 117 Dual Eligible Users)","BLUE 3","Third Lowest 25% (16.90% - 22.70% of Total Users)","BLUE 1","Lowest 25% (Less than 2.61% of Total FFS Beneficiaries)","BLUE 5","Extreme Values (More than $7,988,245.41 )"," "," "," "," "," "," "," "," "," "," "
"2022-10-01 to 2023-09-30","Independent Diagnostic Testing Facility Pt A",COUNTY,MI,WAYNE,26,163,"160,583",83,900.67,46.55%,"74,756",83,"17,094",22.87%,50.83%,"$201,950,835.95",No,"BLUE 5","Extreme Values (More than 21,310 Beneficiaries)","BLUE 5","Extreme Values (More than 36 Providers)","BLUE 5","Extreme Values (More than 590.28 Users)","BLUE 3","Third Lowest 25% (43.31% - 51.77% of Users)","BLUE 5","Extreme Values (More than 10,549 Users)","BLUE 5","Extreme Values (More than 36.99 Providers)","BLUE 5","Extreme Values (More than 1,308 Dual Eligible Users)","BLUE 4","Top 25% Excl. Extreme Values (15.57% - 26.56% of Total Users)","BLUE 3","Third Lowest 25% (44.67% - 52.83% of Total FFS Beneficiaries)","BLUE 5","Extreme Values (More than $29,978,715.29 )"," "," "," "," "," "," "," "," "," "," "
"2022-10-01 to 2023-09-30","Independent Diagnostic Testing Facility Pt B",COUNTY,MI,WAYNE,26,163,"161,060",41,148.56,3.78%,"6,091",41,"1,618",26.56%,4.80%,"$2,230,746.03",No,"BLUE 5","Extreme Values (More than 22,128 Beneficiaries)","BLUE 5","Extreme Values (More than 21 Providers)","BLUE 5","Extreme Values (More than 128.40 Users)","BLUE 1","Lowest 25% (Less than 3.97% of Users)","BLUE 5","Extreme Values (More than 1,335 Users)","BLUE 5","Extreme Values (More than 21.99 Providers)","BLUE 5","Extreme Values (More than 184 Dual Eligible Users)","BLUE 4","Top 25% Excl. Extreme Values (15.61% - 27.32% of Total Users)","BLUE 2","Second Lowest 25% (3.91% - 5.21% of Total FFS Beneficiaries)","BLUE 5","Extreme Values (More than $464,800.46 )"," "," "," "," "," "," "," "," "," "," "
"2022-10-01 to 2023-09-30","Long-Term Care Hospitals",COUNTY,MI,WAYNE,26,163,"160,583",7,63.71,0.28%,446,7,166,37.22%,0.49%,"$24,500,075.37",No,"BLUE 5","Extreme Values (More than 84,541 Beneficiaries)","BLUE 5","Extreme Values (More than 2 Providers)","BLUE 4","Top 25% Excl. Extreme Values (50.00 - 94.99 Users)","BLUE 3","Third Lowest 25% (0.18% - 0.35% of Users)","BLUE 5","Extreme Values (More than 105 Users)","BLUE 5","Extreme Values (More than 2.49 Providers)","BLUE 5","Extreme Values (More than 72 Dual Eligible Users)","BLUE 3","Third Lowest 25% (31.64% - 42.10% of Total Users)","BLUE 2","Second Lowest 25% (0.33% - 0.54% of Total FFS Beneficiaries)","BLUE 5","Extreme Values (More than $5,449,639.92 )"," "," "," "," "," "," "," "," "," "," "
"2022-10-01 to 2023-09-30",Neurology,COUNTY,MI,WAYNE,26,163,"161,148",75,42.99,2.00%,"3,224",75,"1,078",33.44%,3.20%,"$639,215.99",No,"BLUE 5","Extreme Values (More than 28,613 Beneficiaries)","BLUE 5","Extreme Values (More than 4 Providers)","BLUE 2","Second Lowest 25% (38.83 - 51.49 Users)","BLUE 4","Top 25% Excl. Extreme Values (1.24% - 2.00% of Users)","BLUE 5","Extreme Values (More than 307 Users)","BLUE 5","Extreme Values (More than 4.99 Providers)","BLUE 5","Extreme Values (More than 108 Dual Eligible Users)","BLUE 4","Top 25% Excl. Extreme Values (22.35% - 39.65% of Total Users)","BLUE 5","Extreme Values (More than 3.19% of Total FFS Beneficiaries)","BLUE 5","Extreme Values (More than $41,699.22 )"," "," "," "," "," "," "," "," "," "," "
"2022-10-01 to 2023-09-30",Ophthalmology,COUNTY,MI,WAYNE,26,163,"161,060",425,99.60,26.28%,"42,329",425,"7,721",18.24%,22.89%,"$27,735,643.95",No,"BLUE 5","Extreme Values (More than 21,424 Beneficiaries)","BLUE 5","Extreme Values (More than 92 Providers)","BLUE 4","Top 25% Excl. Extreme Values (77.76 - 137.77 Users)","BLUE 1","Lowest 25% (Less than 27.29% of Users)","BLUE 5","Extreme Values (More than 6,875 Users)","BLUE 5","Extreme Values (More than 92.99 Providers)","BLUE 5","Extreme Values (More than 589 Dual Eligible Users)","BLUE 4","Top 25% Excl. Extreme Values (12.04% - 21.47% of Total Users)","BLUE 3","Third Lowest 25% (22.55% - 26.13% of Total FFS Beneficiaries)","BLUE 5","Extreme Values (More than $4,173,061.11 )"," "," "," "," "," "," "," "," "," "," "
"2022-10-01 to 2023-09-30","Physical & Occupational Therapy",COUNTY,MI,WAYNE,26,163,"161,060",476,25.44,7.52%,"12,109",476,"2,312",19.09%,6.85%,"$14,236,057.89",No,"BLUE 5","Extreme Values (More than 22,182 Beneficiaries)","BLUE 5","Extreme Values (More than 53 Providers)","BLUE 1","Lowest 25% (Less than 29.62 Users)","BLUE 3","Third Lowest 25% (6.62% - 9.44% of Users)","BLUE 5","Extreme Values (More than 1,889 Users)","BLUE 5","Extreme Values (More than 53.49 Providers)","BLUE 5","Extreme Values (More than 202 Dual Eligible Users)","BLUE 4","Top 25% Excl. Extreme Values (11.62% - 21.11% of Total Users","BLUE 3","Third Lowest 25% (5.12% - 6.93% of Total FFS Beneficiaries)","BLUE 5","Extreme Values (More than $1,646,259.92 )"," "," "," "," "," "," "," "," "," "," "
"2022-10-01 to 2023-09-30","Podiatry Services",COUNTY,MI,WAYNE,26,163,"161,060",271,96.73,16.28%,"26,213",271,"7,342",28.01%,21.77%,"$6,091,629.75",No,"BLUE 5","Extreme Values (More than 21,967 Beneficiaries)","BLUE 5","Extreme Values (More than 30 Providers)","BLUE 4","Top 25% Excl. Extreme Values (92.75 - 174.87 Users)","BLUE 4","Top 25% Excl. Extreme Values (11.55% - 18.85% of Users)","BLUE 5","Extreme Values (More than 2,361 Users)","BLUE 5","Extreme Values (More than 30.49 Providers)","BLUE 5","Extreme Values (More than 398 Dual Eligible Users)","BLUE 4","Top 25% Excl. Extreme Values (22.57% - 38.48% of Total Users)","BLUE 4","Top 25% Excl. Extreme Values (17.71% - 29.18% of Total FFS Beneficiaries)","BLUE 5","Extreme Values (More than $437,970.75 )"," "," "," "," "," "," "," "," "," "," "
"2022-10-01 to 2023-09-30","Preventive Health Services",COUNTY,MI,WAYNE,26,163,"161,060","1,928",42.84,51.29%,"82,604","1,928.00","19,186",23.23%,56.88%,"$13,990,754.97",No,"BLUE 5","Extreme Values (More than 21,424 Beneficiaries)","BLUE 5","Extreme Values (More than 245 Providers)","BLUE 2","Second Lowest 25% (35.38 - 44.06 Users)","BLUE 2","Second Lowest 25% (45.65% - 53.85% of Users)","BLUE 5","Extreme Values (More than 12,374 Users)","BLUE 5","Extreme Values (More than 245.99 Providers)","BLUE 5","Extreme Values (More than 1,322 Dual Eligible Users)","BLUE 4","Top 25% Excl. Extreme Values (13.99% - 24.21% of Total Users)","BLUE 4","Top 25% Excl. Extreme Values (55.84% - 78.57% of Total FFS Beneficiaries)","BLUE 5","Extreme Values (More than $2,065,541.61 )"," "," "," "," "," "," "," "," "," "," "
"2022-10-01 to 2023-09-30",Psychotherapy,COUNTY,MI,WAYNE,26,163,"161,060",343,33.10,7.05%,"11,353",343,"4,662",41.06%,13.82%,"$7,661,288.30",No,"BLUE 5","Extreme Values (More than 23,029 Beneficiaries)","BLUE 5","Extreme Values (More than 24 Providers)","BLUE 1","Lowest 25% (Less than 37.00 Users)","BLUE 4","Top 25% Excl. Extreme Values (4.43% - 7.27% of Users)","BLUE 5","Extreme Values (More than 961 Users)","BLUE 5","Extreme Values (More than 24.99 Providers)","BLUE 5","Extreme Values (More than 331 Dual Eligible Users)","BLUE 4","Top 25% Excl. Extreme Values (40.31% - 64.95% of Total Users)","BLUE 4","Top 25% Excl. Extreme Values (13.33% - 22.59% of Total FFS Beneficiaries)","BLUE 5","Extreme Values (More than $516,540.45 )"," "," "," "," "," "," "," "," "," "," "
"2022-10-01 to 2023-09-30",Pulmonology,COUNTY,MI,WAYNE,26,163,"161,060","1,197",29.79,22.14%,"35,662","1,197.00","8,760",24.56%,25.97%,"$6,082,013.19",No,"BLUE 5","Extreme Values (More than 21,462 Beneficiaries)","BLUE 5","Extreme Values (More than 140 Providers)","BLUE 1","Lowest 25% (Less than 37.52 Users)","BLUE 3","Third Lowest 25% (21.79% - 24.61% of Users)","BLUE 5","Extreme Values (More than 5,039 Users)","BLUE 5","Extreme Values (More than 140.49 Providers)","BLUE 5","Extreme Values (More than 585 Dual Eligible Users)","BLUE 4","Top 25% Excl. Extreme Values (14.71% - 24.92% of Total Users)","BLUE 4","Top 25% Excl. Extreme Values (23.60% - 31.68% of Total FFS Beneficiaries)","BLUE 5","Extreme Values (More than $797,791.52 )"," "," "," "," "," "," "," "," "," "," "
"2022-10-01 to 2023-09-30","Skilled Nursing Facility",COUNTY,MI,WAYNE,26,163,"160,583",98,55.76,3.40%,"5,464",98,"1,603",29.34%,4.77%,"$89,059,577.83",No,"BLUE 5","Extreme Values (More than 23,593 Beneficiaries)","BLUE 5","Extreme Values (More than 13 Providers)","BLUE 3","Third Lowest 25% (47.00 - 61.19 Users)","BLUE 3","Third Lowest 25% (2.97% - 3.66% of Users)","BLUE 5","Extreme Values (More than 711 Users)","BLUE 5","Extreme Values (More than 13.49 Providers)","BLUE 5","Extreme Values (More than 184 Dual Eligible Users)","BLUE 3","Third Lowest 25% (24.16% - 31.71% of Total Users)","BLUE 2","Second Lowest 25% (4.62% - 6.07% of Total FFS Beneficiaries)","BLUE 5","Extreme Values (More than $12,099,057.19 )"," "," "," "," "," "," "," "," "," "," "
"2022-10-01 to 2023-09-30",Telemedicine,COUNTY,MI,WAYNE,26,163,"161,060",211,46.61,6.11%,"9,834",211,"3,826",38.91%,11.34%,"$2,395,820.04",No,"BLUE 5","Extreme Values (More than 22,458 Beneficiaries)","BLUE 5","Extreme Values (More than 14 Providers)","BLUE 2","Second Lowest 25% (44.33 - 58.11 Users)","BLUE 4","Top 25% Excl. Extreme Values (3.99% - 6.88% of Users)","BLUE 5","Extreme Values (More than 706 Users)","BLUE 5","Extreme Values (More than 14.99 Providers)","BLUE 5","Extreme Values (More than 221 Dual Eligible Users)","BLUE 4","Top 25% Excl. Extreme Values (34.74% - 57.79% of Total Users)","BLUE 4","Top 25% Excl. Extreme Values (9.22% - 15.84% of Total FFS Beneficiaries)","BLUE 5","Extreme Values (More than $130,694.30 )"," "," "," "," "," "," "," "," "," "," "
"2023-01-01 to 2023-12-31","Ambulance (Emergency & Non-Emergency)",COUNTY,MI,WAYNE,26,163,"156,313",63,261.38,10.53%,"16,467",63,"5,590",33.95%,17.33%,"$14,855,183.37",No,"BLUE 5","Extreme Values (More than 21,162 Beneficiaries)","BLUE 5","Extreme Values (More than 20 Providers)","BLUE 5","Extreme Values (More than 246.64 Users)","BLUE 3","Third Lowest 25% (10.05% - 11.54% of Users)","BLUE 5","Extreme Values (More than 2,255 Users)","BLUE 5","Extreme Values (More than 20.49 Providers)","BLUE 5","Extreme Values (More than 490 Dual Eligible Users)","BLUE 4","Top 25% Excl. Extreme Values (27.14% - 44.10% of Total Users)","BLUE 2","Second Lowest 25% (15.63% - 18.63% of Total FFS Beneficiaries)","BLUE 5","Extreme Values (More than $2,178,303.05 )"," "," "," "," "," "," "," "," "," "," "
"2023-01-01 to 2023-12-31","Ambulance (Emergency)",COUNTY,MI,WAYNE,26,163,"156,313",63,220.97,8.91%,"13,921",63,"4,810",34.55%,14.91%,"$10,173,359.98",No,"BLUE 5","Extreme Values (More than 21,491 Beneficiaries)","BLUE 5","Extreme Values (More than 14 Providers)","BLUE 4","Top 25% Excl. Extreme Values (163.25 - 321.61 Users)","BLUE 2","Second Lowest 25% (7.18% - 9.01% of Users)","BLUE 5","Extreme Values (More than 2,072 Users)","BLUE 5","Extreme Values (More than 14.49 Providers)","BLUE 5","Extreme Values (More than 459 Dual Eligible Users)","BLUE 4","Top 25% Excl. Extreme Values (27.87% - 45.34% of Total Users)","BLUE 2","Second Lowest 25% (14.13% - 17.09% of Total FFS Beneficiaries)","BLUE 5","Extreme Values (More than $1,619,700.22 )"," "," "," "," "," "," "," "," "," "," "
"2023-01-01 to 2023-12-31","Ambulance (Non-Emergency)",COUNTY,MI,WAYNE,26,163,"156,313",63,126.25,5.09%,"7,954",63,"2,721",34.21%,8.43%,"$4,598,320.31",No,"BLUE 5","Extreme Values (More than 23,630 Beneficiaries)","BLUE 5","Extreme Values (More than 20 Providers)","BLUE 5","Extreme Values (More than 82.67 Users)","BLUE 4","Top 25% Excl. Extreme Values (4.57% - 8.30% of Users)","BLUE 5","Extreme Values (More than 778 Users)","BLUE 5","Extreme Values (More than 20.49 Providers)","BLUE 5","Extreme Values (More than 216 Dual Eligible Users)","BLUE 4","Top 25% Excl. Extreme Values (31.15% - 49.85% of Total Users)","BLUE 3","Third Lowest 25% (7.51% - 9.91% of Total FFS Beneficiaries)","BLUE 5","Extreme Values (More than $573,161.30 )"," "," "," "," "," "," "," "," "," "," "
"2023-01-01 to 2023-12-31","Cardiac Rehabilitation Program",COUNTY,MI,WAYNE,26,163,"155,888",14,47.14,0.42%,660,14,87,13.18%,0.27%,"$2,545,568.26",No,"BLUE 5","Extreme Values (More than 32,809 Beneficiaries)","BLUE 5","Extreme Values (More than 3 Providers)","BLUE 3","Third Lowest 25% (34.00 - 54.99 Users)","BLUE 2","Second Lowest 25% (0.42% - 0.59% of Users)","BLUE 5","Extreme Values (More than 177 Users)","BLUE 5","Extreme Values (More than 3.49 Providers)","BLUE 5","Extreme Values (More than 52 Dual Eligible Users)","BLUE 4","Top 25% Excl. Extreme Values (12.50% - 23.76% of Total Users)","BLUE 2","Second Lowest 25% (0.18% - 0.32% of Total FFS Beneficiaries)","BLUE 5","Extreme Values (More than $1,187,339.25 )"," "," "," "," "," "," "," "," "," "," "
"2023-01-01 to 2023-12-31","Chiropractic Services",COUNTY,MI,WAYNE,26,163,"156,313",151,31.03,3.00%,"4,686",151,433,9.24%,1.34%,"$1,776,502.56",No,"BLUE 5","Extreme Values (More than 21,814 Beneficiaries)","BLUE 5","Extreme Values (More than 21 Providers)","BLUE 1","Lowest 25% (Less than 35.37 Users)","BLUE 2","Second Lowest 25% (2.62% - 4.03% of Users)","BLUE 5","Extreme Values (More than 1,079 Users)","BLUE 5","Extreme Values (More than 21.99 Providers)","BLUE 5","Extreme Values (More than 98 Dual Eligible Users)","BLUE 4","Top 25% Excl. Extreme Values (9.03% - 16.91% of Total Users)","BLUE 1","Lowest 25% (Less than 1.48% of Total FFS Beneficiaries)","BLUE 5","Extreme Values (More than $289,670.13 )"," "," "," "," "," "," "," "," "," "," "
"2023-01-01 to 2023-12-31","Clinical Laboratory (Billing Independently)",COUNTY,MI,WAYNE,26,163,"156,313",158,266.55,26.94%,"42,115",158,"13,083",31.06%,40.55%,"$15,914,225.16",No,"BLUE 5","Extreme Values (More than 20,759 Beneficiaries)","BLUE 5","Extreme Values (More than 56 Providers)","BLUE 5","Extreme Values (More than 259.72 Users)","BLUE 2","Second Lowest 25% (20.17% - 34.94% of Users)","BLUE 5","Extreme Values (More than 7,817 Users)","BLUE 5","Extreme Values (More than 56.99 Providers)","BLUE 5","Extreme Values (More than 1,020 Dual Eligible Users)","BLUE 5","Extreme Values (More than 28.91% of Total Users)","BLUE 3","Third Lowest 25% (39.65% - 51.75% of Total FFS Beneficiaries)","BLUE 5","Extreme Values (More than $2,222,706.90 )"," "," "," "," "," "," "," "," "," "," "
"2023-01-01 to 2023-12-31",Dialysis,COUNTY,MI,WAYNE,26,163,"155,888",63,32.43,1.31%,"2,043",63,931,45.57%,2.88%,"$47,807,333.83",No,"BLUE 5","Extreme Values (More than 31,482 Beneficiaries)","BLUE 5","Extreme Values (More than 5 Providers)","BLUE 3","Third Lowest 25% (29.00 - 38.99 Users)","BLUE 4","Top 25% Excl. Extreme Values (0.83% - 1.38% of Users)","BLUE 5","Extreme Values (More than 182 Users)","BLUE 5","Extreme Values (More than 5.99 Providers)","BLUE 5","Extreme Values (More than 110 Dual Eligible Users)","BLUE 4","Top 25% Excl. Extreme Values (43.10% - 66.49% of Total Users)","BLUE 4","Top 25% Excl. Extreme Values (2.84% - 4.92% of Total FFS Beneficiaries)","BLUE 5","Extreme Values (More than $4,379,826.93 )"," "," "," "," "," "," "," "," "," "," "
"2023-01-01 to 2023-12-31","Federally Qualified Health Center (FQHC)",COUNTY,MI,WAYNE,26,163,"155,888",30,67.93,1.31%,"2,038",30,"1,309",64.23%,4.04%,"$780,336.74",No,"BLUE 5","Extreme Values (More than 25,617 Beneficiaries)","BLUE 5","Extreme Values (More than 10 Providers)","BLUE 2","Second Lowest 25% (44.00 - 70.09 Users)","BLUE 1","Lowest 25% (Less than 1.32% of Users)","BLUE 5","Extreme Values (More than 1,083 Users)","BLUE 5","Extreme Values (More than 10.99 Providers)","BLUE 5","Extreme Values (More than 407 Dual Eligible Users)","BLUE 4","Top 25% Excl. Extreme Values (43.90% - 76.31% of Total Users)","BLUE 1","Lowest 25% (Less than 6.00% of Total FFS Beneficiaries)","BLUE 5","Extreme Values (More than $551,643.56 )"," "," "," "," "," "," "," "," "," "," "
"2023-01-01 to 2023-12-31","Home Health",COUNTY,MI,WAYNE,26,163,"155,888",148,90.81,8.62%,"13,440",148,"4,039",30.05%,12.48%,"$65,727,453.52",No,"BLUE 5","Extreme Values (More than 21,617 Beneficiaries)","BLUE 5","Extreme Values (More than 14 Providers)","BLUE 3","Third Lowest 25% (63.00 - 113.99 Users)","BLUE 4","Top 25% Excl. Extreme Values (7.72% - 12.53% of Users)","BLUE 5","Extreme Values (More than 1,417 Users)","BLUE 5","Extreme Values (More than 14.49 Providers)","BLUE 5","Extreme Values (More than 264 Dual Eligible Users)","BLUE 4","Top 25% Excl. Extreme Values (20.21% - 34.35% of Total Users)","BLUE 4","Top 25% Excl. Extreme Values (10.65% - 17.09% of Total FFS Beneficiaries)","BLUE 5","Extreme Values (More than $7,766,511.75 )"," "," "," "," "," "," "," "," "," "," "
"2023-01-01 to 2023-12-31",Hospice,COUNTY,MI,WAYNE,26,163,"155,888",44,68.70,1.94%,"3,023",44,554,18.33%,1.71%,"$37,779,771.56",No,"BLUE 5","Extreme Values (More than 22,617 Beneficiaries)","BLUE 5","Extreme Values (More than 10 Providers)","BLUE 3","Third Lowest 25% (44.88 - 68.99 Users)","BLUE 1","Lowest 25% (Less than 2.00% of Users)","BLUE 5","Extreme Values (More than 559 Users)","BLUE 5","Extreme Values (More than 10.99 Providers)","BLUE 5","Extreme Values (More than 116 Dual Eligible Users)","BLUE 3","Third Lowest 25% (16.88% - 22.57% of Total Users)","BLUE 1","Lowest 25% (Less than 2.65% of Total FFS Beneficiaries)","BLUE 5","Extreme Values (More than $7,940,889.20 )"," "," "," "," "," "," "," "," "," "," "
"2023-01-01 to 2023-12-31","Independent Diagnostic Testing Facility Pt A",COUNTY,MI,WAYNE,26,163,"155,888",83,874.33,46.55%,"72,569",83,"16,461",22.68%,50.86%,"$200,016,366.12",No,"BLUE 5","Extreme Values (More than 20,622 Beneficiaries)","BLUE 5","Extreme Values (More than 36 Providers)","BLUE 5","Extreme Values (More than 581.84 Users)","BLUE 3","Third Lowest 25% (43.78% - 52.04% of Users)","BLUE 5","Extreme Values (More than 10,377 Users)","BLUE 5","Extreme Values (More than 36.99 Providers)","BLUE 5","Extreme Values (More than 1,238 Dual Eligible Users)","BLUE 4","Top 25% Excl. Extreme Values (15.29% - 26.14% of Total Users)","BLUE 3","Third Lowest 25% (45.17% - 52.98% of Total FFS Beneficiaries)","BLUE 5","Extreme Values (More than $29,921,144.74 )"," "," "," "," "," "," "," "," "," "," "
"2023-01-01 to 2023-12-31","Independent Diagnostic Testing Facility Pt B",COUNTY,MI,WAYNE,26,163,"156,313",39,149.77,3.74%,"5,841",39,"1,468",25.13%,4.55%,"$2,100,747.64",No,"BLUE 5","Extreme Values (More than 21,617 Beneficiaries)","BLUE 5","Extreme Values (More than 21 Providers)","BLUE 5","Extreme Values (More than 129.62 Users)","BLUE 1","Lowest 25% (Less than 3.98% of Users)","BLUE 5","Extreme Values (More than 1,293 Users)","BLUE 5","Extreme Values (More than 21.99 Providers)","BLUE 5","Extreme Values (More than 182 Dual Eligible Users)","BLUE 4","Top 25% Excl. Extreme Values (15.19% - 26.55% of Total Users)","BLUE 2","Second Lowest 25% (3.89% - 5.21% of Total FFS Beneficiaries)","BLUE 5","Extreme Values (More than $452,234.16 )"," "," "," "," "," "," "," "," "," "," "
"2023-01-01 to 2023-12-31","Long-Term Care Hospitals",COUNTY,MI,WAYNE,26,163,"155,888",7,61.29,0.28%,429,7,160,37.30%,0.49%,"$24,126,536.84",No,"BLUE 5","Extreme Values (More than 88,048 Beneficiaries)","BLUE 5","Extreme Values (More than 2 Providers)","BLUE 4","Top 25% Excl. Extreme Values (50.00 - 94.99 Users)","BLUE 3","Third Lowest 25% (0.18% - 0.34% of Users)","BLUE 5","Extreme Values (More than 104 Users)","BLUE 5","Extreme Values (More than 2.49 Providers)","BLUE 5","Extreme Values (More than 72 Dual Eligible Users)","BLUE 3","Third Lowest 25% (31.48% - 42.69% of Total Users)","BLUE 2","Second Lowest 25% (0.30% - 0.57% of Total FFS Beneficiaries)","BLUE 5","Extreme Values (More than $5,374,181.66 )"," "," "," "," "," "," "," "," "," "," "
"2023-01-01 to 2023-12-31",Neurology,COUNTY,MI,WAYNE,26,163,"156,417",76,41.70,2.03%,"3,169",76,"1,030",32.50%,3.19%,"$622,735.96",No,"BLUE 5","Extreme Values (More than 27,860 Beneficiaries)","BLUE 5","Extreme Values (More than 4 Providers)","BLUE 2","Second Lowest 25% (38.50 - 50.74 Users)","BLUE 4","Top 25% Excl. Extreme Values (1.27% - 2.04% of Users)","BLUE 5","Extreme Values (More than 301 Users)","BLUE 5","Extreme Values (More than 4.99 Providers)","BLUE 5","Extreme Values (More than 103 Dual Eligible Users)","BLUE 4","Top 25% Excl. Extreme Values (21.80% - 38.46% of Total Users)","BLUE 5","Extreme Values (More than 3.10% of Total FFS Beneficiaries)","BLUE 5","Extreme Values (More than $40,878.61 )"," "," "," "," "," "," "," "," "," "," "
"2023-01-01 to 2023-12-31",Ophthalmology,COUNTY,MI,WAYNE,26,163,"156,313",431,95.65,26.37%,"41,224",431,"7,350",17.83%,22.78%,"$27,435,081.08",No,"BLUE 5","Extreme Values (More than 20,758 Beneficiaries)","BLUE 5","Extreme Values (More than 90 Providers)","BLUE 4","Top 25% Excl. Extreme Values (77.17 - 135.98 Users)","BLUE 1","Lowest 25% (Less than 27.44% of Users)","BLUE 5","Extreme Values (More than 6,726 Users)","BLUE 5","Extreme Values (More than 90.49 Providers)","BLUE 5","Extreme Values (More than 552 Dual Eligible Users)","BLUE 4","Top 25% Excl. Extreme Values (11.73% - 21.03% of Total Users","BLUE 3","Third Lowest 25% (22.67% - 26.43% of Total FFS Beneficiaries)","BLUE 5","Extreme Values (More than $4,224,077.07 )"," "," "," "," "," "," "," "," "," "," "
"2023-01-01 to 2023-12-31","Physical & Occupational Therapy",COUNTY,MI,WAYNE,26,163,"156,313",475,24.30,7.38%,"11,542",475,"2,114",18.32%,6.55%,"$13,849,531.60",No,"BLUE 5","Extreme Values (More than 21,721 Beneficiaries)","BLUE 5","Extreme Values (More than 53 Providers)","BLUE 1","Lowest 25% (Less than 28.76 Users)","BLUE 3","Third Lowest 25% (6.63% - 9.40% of Users)","BLUE 5","Extreme Values (More than 1,832 Users)","BLUE 5","Extreme Values (More than 53.49 Providers)","BLUE 5","Extreme Values (More than 199 Dual Eligible Users)","BLUE 4","Top 25% Excl. Extreme Values (11.26% - 20.54% of Total Users","BLUE 3","Third Lowest 25% (5.16% - 6.83% of Total FFS Beneficiaries)","BLUE 5","Extreme Values (More than $1,651,291.44 )"," "," "," "," "," "," "," "," "," "," "
"2023-01-01 to 2023-12-31","Podiatry Services",COUNTY,MI,WAYNE,26,163,"156,313",270,90.70,15.67%,"24,489",270,"6,731",27.49%,20.86%,"$5,795,043.67",No,"BLUE 5","Extreme Values (More than 21,490 Beneficiaries)","BLUE 5","Extreme Values (More than 27 Providers)","BLUE 3","Third Lowest 25% (56.90 - 92.24 Users)","BLUE 4","Top 25% Excl. Extreme Values (11.35% - 18.63% of Users)","BLUE 5","Extreme Values (More than 2,218 Users)","BLUE 5","Extreme Values (More than 27.99 Providers)","BLUE 5","Extreme Values (More than 380 Dual Eligible Users)","BLUE 4","Top 25% Excl. Extreme Values (22.40% - 38.44% of Total Users)","BLUE 4","Top 25% Excl. Extreme Values (17.56% - 29.07% of Total FFS Beneficiaries)","BLUE 5","Extreme Values (More than $427,252.80 )"," "," "," "," "," "," "," "," "," "," "
"2023-01-01 to 2023-12-31","Preventive Health Services",COUNTY,MI,WAYNE,26,163,"156,313","1,879",41.96,50.44%,"78,837","1,879.00","17,739",22.50%,54.98%,"$13,282,963.71",No,"BLUE 5","Extreme Values (More than 20,660 Beneficiaries)","BLUE 5","Extreme Values (More than 237 Providers)","BLUE 2","Second Lowest 25% (35.09 - 43.83 Users)","BLUE 2","Second Lowest 25% (45.06% - 53.22% of Users)","BLUE 5","Extreme Values (More than 11,764 Users)","BLUE 5","Extreme Values (More than 237.49 Providers)","BLUE 5","Extreme Values (More than 1,218 Dual Eligible Users)","BLUE 4","Top 25% Excl. Extreme Values (13.51% - 23.43% of Total Users)","BLUE 4","Top 25% Excl. Extreme Values (54.79% - 77.76% of Total FFS Beneficiaries)","BLUE 5","Extreme Values (More than $1,966,490.06 )"," "," "," "," "," "," "," "," "," "," "
"2023-01-01 to 2023-12-31",Psychotherapy,COUNTY,MI,WAYNE,26,163,"156,313",314,33.98,6.83%,"10,670",314,"4,239",39.73%,13.14%,"$7,164,661.31",No,"BLUE 5","Extreme Values (More than 22,652 Beneficiaries)","BLUE 5","Extreme Values (More than 22 Providers)","BLUE 1","Lowest 25% (Less than 36.83 Users)","BLUE 4","Top 25% Excl. Extreme Values (4.36% - 7.17% of Users)","BLUE 5","Extreme Values (More than 924 Users)","BLUE 5","Extreme Values (More than 22.49 Providers)","BLUE 5","Extreme Values (More than 310 Dual Eligible Users)","BLUE 4","Top 25% Excl. Extreme Values (39.67% - 64.25% of Total Users)","BLUE 3","Third Lowest 25% (10.05% - 13.18% of Total FFS Beneficiaries)","BLUE 5","Extreme Values (More than $493,594.46 )"," "," "," "," "," "," "," "," "," "," "
"2023-01-01 to 2023-12-31",Pulmonology,COUNTY,MI,WAYNE,26,163,"156,313","1,152",29.83,21.98%,"34,363","1,152.00","8,189",23.83%,25.38%,"$5,815,601.23",No,"BLUE 5","Extreme Values (More than 20,758 Beneficiaries)","BLUE 5","Extreme Values (More than 135 Providers)","BLUE 1","Lowest 25% (Less than 37.62 Users)","BLUE 3","Third Lowest 25% (21.91% - 24.78% of Users)","BLUE 5","Extreme Values (More than 4,893 Users)","BLUE 5","Extreme Values (More than 135.49 Providers)","BLUE 5","Extreme Values (More than 548 Dual Eligible Users)","BLUE 4","Top 25% Excl. Extreme Values (14.30% - 24.28% of Total Users)","BLUE 4","Top 25% Excl. Extreme Values (23.58% - 31.67% of Total FFS Beneficiaries)","BLUE 5","Extreme Values (More than $770,639.41 )"," "," "," "," "," "," "," "," "," "," "
"2023-01-01 to 2023-12-31","Skilled Nursing Facility",COUNTY,MI,WAYNE,26,163,"155,888",96,55.17,3.40%,"5,296",96,"1,526",28.81%,4.72%,"$86,320,049.10",No,"BLUE 5","Extreme Values (More than 22,761 Beneficiaries)","BLUE 5","Extreme Values (More than 13 Providers)","BLUE 3","Third Lowest 25% (46.65 - 60.99 Users)","BLUE 3","Third Lowest 25% (2.92% - 3.57% of Users)","BLUE 5","Extreme Values (More than 682 Users)","BLUE 5","Extreme Values (More than 13.49 Providers)","BLUE 5","Extreme Values (More than 175 Dual Eligible Users)","BLUE 3","Third Lowest 25% (23.53% - 30.92% of Total Users)","BLUE 2","Second Lowest 25% (4.53% - 5.84% of Total FFS Beneficiaries)","BLUE 5","Extreme Values (More than $11,741,732.03 )"," "," "," "," "," "," "," "," "," "," "
"2023-01-01 to 2023-12-31",Telemedicine,COUNTY,MI,WAYNE,26,163,"156,313",172,51.98,5.72%,"8,940",172,"3,388",37.90%,10.50%,"$2,249,536.62",No,"BLUE 5","Extreme Values (More than 21,807 Beneficiaries)","BLUE 5","Extreme Values (More than 12 Providers)","BLUE 2","Second Lowest 25% (44.60 - 58.48 Users)","BLUE 4","Top 25% Excl. Extreme Values (3.83% - 6.72% of Users)","BLUE 5","Extreme Values (More than 655 Users)","BLUE 5","Extreme Values (More than 12.49 Providers)","BLUE 5","Extreme Values (More than 200 Dual Eligible Users)","BLUE 4","Top 25% Excl. Extreme Values (34.31% - 57.54% of Total Users)","BLUE 4","Top 25% Excl. Extreme Values (8.87% - 15.39% of Total FFS Beneficiaries","BLUE 5","Extreme Values (More than $122,879.65 )"," "," "," "," "," "," "," "," "," "," "
"2024-01-01 to 2024-12-31","Ambulance (Emergency & Non-Emergency)",COUNTY,MI,WAYNE,26,163,"155,745",60,250.15,9.64%,"15,009",60,"4,895",32.61%,16.21%,"$13,823,676.79",No,"BLUE 5","Extreme Values (More than 21,074 Beneficiaries)","BLUE 5","Extreme Values (More than 19 Providers)","BLUE 5","Extreme Values (More than 243.74 Users)","BLUE 3","Third Lowest 25% (9.39% - 10.82% of Users)","BLUE 5","Extreme Values (More than 2,047 Users)","BLUE 5","Extreme Values (More than 19.49 Providers)","BLUE 5","Extreme Values (More than 432 Dual Eligible Users)","BLUE 4","Top 25% Excl. Extreme Values (25.27% - 41.55% of Total Users)","BLUE 2","Second Lowest 25% (14.66% - 17.49% of Total FFS Beneficiaries)","BLUE 5","Extreme Values (More than $2,139,942.23 )"," "," "," "," "," "," "," "," "," "," "
"2024-01-01 to 2024-12-31","Ambulance (Emergency)",COUNTY,MI,WAYNE,26,163,"155,745",58,221.19,8.24%,"12,829",58,"4,208",32.80%,13.94%,"$9,801,489.54",No,"BLUE 5","Extreme Values (More than 21,415 Beneficiaries)","BLUE 5","Extreme Values (More than 11 Providers)","BLUE 4","Top 25% Excl. Extreme Values (163.00 - 321.99 Users)","BLUE 2","Second Lowest 25% (6.67% - 8.34% of Users)","BLUE 5","Extreme Values (More than 1,862 Users)","BLUE 5","Extreme Values (More than 11.99 Providers)","BLUE 5","Extreme Values (More than 405 Dual Eligible Users)","BLUE 4","Top 25% Excl. Extreme Values (25.94% - 42.84% of Total Users)","BLUE 2","Second Lowest 25% (13.33% - 15.99% of Total FFS Beneficiaries)","BLUE 5","Extreme Values (More than $1,559,401.14 )"," "," "," "," "," "," "," "," "," "," "
"2024-01-01 to 2024-12-31","Ambulance (Non-Emergency)",COUNTY,MI,WAYNE,26,163,"155,745",60,117.97,4.54%,"7,078",60,"2,392",33.79%,7.92%,"$3,951,039.97",No,"BLUE 5","Extreme Values (More than 24,002 Beneficiaries)","BLUE 5","Extreme Values (More than 20 Providers)","BLUE 5","Extreme Values (More than 81.92 Users)","BLUE 4","Top 25% Excl. Extreme Values (4.33% - 7.85% of Users)","BLUE 5","Extreme Values (More than 732 Users)","BLUE 5","Extreme Values (More than 20.49 Providers)","BLUE 5","Extreme Values (More than 195 Dual Eligible Users)","BLUE 4","Top 25% Excl. Extreme Values (29.76% - 48.60% of Total Users)","BLUE 3","Third Lowest 25% (7.42% - 9.69% of Total FFS Beneficiaries)","BLUE 5","Extreme Values (More than $545,886.96 )"," "," "," "," "," "," "," "," "," "," "
"2024-01-01 to 2024-12-31","Cardiac Rehabilitation Program",COUNTY,MI,WAYNE,26,163,"155,745",13,52.77,0.44%,686,13,96,13.99%,0.32%,"$3,085,715.58",No,"BLUE 5","Extreme Values (More than 32,816 Beneficiaries)","BLUE 5","Extreme Values (More than 3 Providers)","BLUE 3","Third Lowest 25% (34.00 - 55.99 Users)","BLUE 2","Second Lowest 25% (0.42% - 0.59% of Users)","BLUE 5","Extreme Values (More than 172 Users)","BLUE 5","Extreme Values (More than 3.49 Providers)","BLUE 5","Extreme Values (More than 55 Dual Eligible Users)","BLUE 4","Top 25% Excl. Extreme Values (13.00% - 25.05% of Total Users","BLUE 3","Third Lowest 25% (0.27% - 0.51% of Total FFS Beneficiaries)","BLUE 5","Extreme Values (More than $1,193,701.60 )"," "," "," "," "," "," "," "," "," "," "
"2024-01-01 to 2024-12-31","Chiropractic Services",COUNTY,MI,WAYNE,26,163,"155,745",132,32.89,2.79%,"4,341",132,349,8.04%,1.16%,"$1,674,747.06",No,"BLUE 5","Extreme Values (More than 22,007 Beneficiaries)","BLUE 5","Extreme Values (More than 23 Providers)","BLUE 1","Lowest 25% (Less than 34.49 Users)","BLUE 2","Second Lowest 25% (2.40% - 3.80% of Users)","BLUE 5","Extreme Values (More than 1,019 Users)","BLUE 5","Extreme Values (More than 23.49 Providers)","BLUE 5","Extreme Values (More than 89 Dual Eligible Users)","BLUE 3","Third Lowest 25% (5.23% - 8.32% of Total Users)","BLUE 1","Lowest 25% (Less than 1.29% of Total FFS Beneficiaries)","BLUE 5","Extreme Values (More than $269,957.74 )"," "," "," "," "," "," "," "," "," "," "
"2024-01-01 to 2024-12-31","Clinical Laboratory (Billing Independently)",COUNTY,MI,WAYNE,26,163,"155,745",164,247.09,26.02%,"40,522",164,"11,768",29.04%,38.97%,"$19,063,195.75",No,"BLUE 5","Extreme Values (More than 20,683 Beneficiaries)","BLUE 5","Extreme Values (More than 54 Providers)","BLUE 4","Top 25% Excl. Extreme Values (137.00 - 257.16 Users)","BLUE 2","Second Lowest 25% (19.23% - 33.02% of Users)","BLUE 5","Extreme Values (More than 7,474 Users)","BLUE 5","Extreme Values (More than 54.49 Providers)","BLUE 5","Extreme Values (More than 857 Dual Eligible Users)","BLUE 5","Extreme Values (More than 26.33% of Total Users)","BLUE 3","Third Lowest 25% (37.26% - 48.34% of Total FFS Beneficiaries)","BLUE 5","Extreme Values (More than $2,396,470.05 )"," "," "," "," "," "," "," "," "," "," "
"2024-01-01 to 2024-12-31",Dialysis,COUNTY,MI,WAYNE,26,163,"155,745",59,31.03,1.18%,"1,831",59,787,42.98%,2.61%,"$41,177,067.60",No,"BLUE 5","Extreme Values (More than 32,568 Beneficiaries)","BLUE 5","Extreme Values (More than 5 Providers)","BLUE 3","Third Lowest 25% (28.00 - 36.99 Users)","BLUE 4","Top 25% Excl. Extreme Values (0.74% - 1.20% of Users)","BLUE 5","Extreme Values (More than 173 Users)","BLUE 5","Extreme Values (More than 5.99 Providers)","BLUE 5","Extreme Values (More than 112 Dual Eligible Users)","BLUE 4","Top 25% Excl. Extreme Values (40.54% - 62.34% of Total Users)","BLUE 3","Third Lowest 25% (1.89% - 2.62% of Total FFS Beneficiaries)","BLUE 5","Extreme Values (More than $4,148,942.81 )"," "," "," "," "," "," "," "," "," "," "
"2024-01-01 to 2024-12-31","Federally Qualified Health Center (FQHC)",COUNTY,MI,WAYNE,26,163,"155,745",30,62.97,1.21%,"1,889",30,"1,152",60.98%,3.82%,"$800,249.07",No,"BLUE 5","Extreme Values (More than 25,974 Beneficiaries)","BLUE 5","Extreme Values (More than 10 Providers)","BLUE 2","Second Lowest 25% (42.00 - 67.13 Users)","BLUE 1","Lowest 25% (Less than 1.30% of Users)","BLUE 5","Extreme Values (More than 1,029 Users)","BLUE 5","Extreme Values (More than 10.99 Providers)","BLUE 5","Extreme Values (More than 367 Dual Eligible Users)","BLUE 4","Top 25% Excl. Extreme Values (40.32% - 69.82% of Total Users)","BLUE 1","Lowest 25% (Less than 5.97% of Total FFS Beneficiaries)","BLUE 5","Extreme Values (More than $536,002.42 )"," "," "," "," "," "," "," "," "," "," "
"2024-01-01 to 2024-12-31","Home Health",COUNTY,MI,WAYNE,26,163,"155,745",135,81.42,7.06%,"10,992",135,"3,052",27.77%,10.11%,"$51,791,118.61",No,"BLUE 5","Extreme Values (More than 21,905 Beneficiaries)","BLUE 5","Extreme Values (More than 14 Providers)","BLUE 3","Third Lowest 25% (60.42 - 107.49 Users)","BLUE 4","Top 25% Excl. Extreme Values (6.83% - 11.14% of Users","BLUE 5","Extreme Values (More than 1,287 Users)","BLUE 5","Extreme Values (More than 14.49 Providers)","BLUE 5","Extreme Values (More than 212 Dual Eligible Users)","BLUE 4","Top 25% Excl. Extreme Values (18.69% - 31.97% of Total Users)","BLUE 4","Top 25% Excl. Extreme Values (9.55% - 15.45% of Total FFS Beneficiaries)","BLUE 5","Extreme Values (More than $6,784,787.05 )"," "," "," "," "," "," "," "," "," "," "
"2024-01-01 to 2024-12-31",Hospice,COUNTY,MI,WAYNE,26,163,"155,745",46,62.30,1.84%,"2,866",46,475,16.57%,1.57%,"$38,327,326.45",No,"BLUE 5","Extreme Values (More than 22,593 Beneficiaries)","BLUE 5","Extreme Values (More than 10 Providers)","BLUE 3","Third Lowest 25% (45.29 - 67.99 Users)","BLUE 1","Lowest 25% (Less than 1.92% of Users)","BLUE 5","Extreme Values (More than 534 Users)","BLUE 5","Extreme Values (More than 10.99 Providers)","BLUE 5","Extreme Values (More than 109 Dual Eligible Users)","BLUE 3","Third Lowest 25% (15.87% - 21.53% of Total Users)","BLUE 1","Lowest 25% (Less than 2.66% of Total FFS Beneficiaries)","BLUE 5","Extreme Values (More than $8,117,498.43 )"," "," "," "," "," "," "," "," "," "," "
"2024-01-01 to 2024-12-31","Independent Diagnostic Testing Facility Pt A",COUNTY,MI,WAYNE,26,163,"155,745",81,867.32,45.11%,"70,253",81,"14,810",21.08%,49.05%,"$189,582,625.38",No,"BLUE 5","Extreme Values (More than 20,670 Beneficiaries)","BLUE 5","Extreme Values (More than 36 Providers)","BLUE 5","Extreme Values (More than 563.92 Users)","BLUE 3","Third Lowest 25% (42.68% - 50.78% of Users)","BLUE 5","Extreme Values (More than 10,105 Users)","BLUE 5","Extreme Values (More than 36.99 Providers)","BLUE 5","Extreme Values (More than 1,094 Dual Eligible Users)","BLUE 4","Top 25% Excl. Extreme Values (14.03% - 24.42% of Total Users)","BLUE 3","Third Lowest 25% (43.49% - 51.39% of Total FFS Beneficiaries)","BLUE 5","Extreme Values (More than $30,584,408.51 )"," "," "," "," "," "," "," "," "," "," "
"2024-01-01 to 2024-12-31","Independent Diagnostic Testing Facility Pt B",COUNTY,MI,WAYNE,26,163,"155,745",39,128.18,3.21%,"4,999",39,"1,128",22.56%,3.74%,"$1,795,749.69",No,"BLUE 5","Extreme Values (More than 21,534 Beneficiaries)","BLUE 5","Extreme Values (More than 21 Providers)","BLUE 4","Top 25% Excl. Extreme Values (75.00 - 133.49 Users)","BLUE 1","Lowest 25% (Less than 3.98% of Users)","BLUE 5","Extreme Values (More than 1,281 Users)","BLUE 5","Extreme Values (More than 21.99 Providers)","BLUE 5","Extreme Values (More than 163 Dual Eligible Users)","BLUE 4","Top 25% Excl. Extreme Values (13.78% - 24.50% of Total Users)","BLUE 1","Lowest 25% (Less than 3.82% of Total FFS Beneficiaries)","BLUE 5","Extreme Values (More than $452,075.75 )"," "," "," "," "," "," "," "," "," "," "
"2024-01-01 to 2024-12-31","Long-Term Care Hospitals",COUNTY,MI,WAYNE,26,163,"155,745",6,51.83,0.20%,311,6,120,38.59%,0.40%,"$16,715,986.15",No,"BLUE 5","Extreme Values (More than 105,787 Beneficiaries)","BLUE 5","Extreme Values (More than 2 Providers)","BLUE 4","Top 25% Excl. Extreme Values (44.00 - 79.99 Users)","BLUE 3","Third Lowest 25% (0.13% - 0.22% of Users)","BLUE 5","Extreme Values (More than 97 Users)","BLUE 5","Extreme Values (More than 2.49 Providers)","BLUE 5","Extreme Values (More than 66 Dual Eligible Users)","BLUE 3","Third Lowest 25% (31.25% - 41.78% of Total Users)","BLUE 2","Second Lowest 25% (0.25% - 0.42% of Total FFS Beneficiaries)","BLUE 5","Extreme Values (More than $4,884,535.80 )"," "," "," "," "," "," "," "," "," "," "
"2024-01-01 to 2024-12-31",Neurology,COUNTY,MI,WAYNE,26,163,"155,745",62,45.21,1.80%,"2,803",62,840,29.97%,2.78%,"$563,721.75",No,"BLUE 5","Extreme Values (More than 28,499 Beneficiaries)","BLUE 5","Extreme Values (More than 4 Providers)","BLUE 2","Second Lowest 25% (38.83 - 50.66 Users)","BLUE 4","Top 25% Excl. Extreme Values (1.18% - 1.88% of Users)","BLUE 5","Extreme Values (More than 283 Users)","BLUE 5","Extreme Values (More than 4.99 Providers)","BLUE 5","Extreme Values (More than 107 Dual Eligible Users)","BLUE 4","Top 25% Excl. Extreme Values (20.00% - 35.65% of Total Users)","BLUE 4","Top 25% Excl. Extreme Values (1.86% - 3.04% of Total FFS Beneficiaries)","BLUE 5","Extreme Values (More than $39,171.70 )"," "," "," "," "," "," "," "," "," "," "
"2024-01-01 to 2024-12-31",Ophthalmology,COUNTY,MI,WAYNE,26,163,"155,745",418,91.21,24.48%,"38,124",418,"6,234",16.35%,20.65%,"$26,346,934.97",No,"BLUE 5","Extreme Values (More than 20,768 Beneficiaries)","BLUE 5","Extreme Values (More than 91 Providers)","BLUE 4","Top 25% Excl. Extreme Values (75.43 - 133.38 Users)","BLUE 1","Lowest 25% (Less than 26.27% of Users)","BLUE 5","Extreme Values (More than 6,527 Users)","BLUE 5","Extreme Values (More than 91.99 Providers)","BLUE 5","Extreme Values (More than 477 Dual Eligible Users)","BLUE 4","Top 25% Excl. Extreme Values (10.56% - 19.07% of Total Users","BLUE 2","Second Lowest 25% (17.98% - 21.12% of Total FFS Beneficiaries)","BLUE 5","Extreme Values (More than $4,381,152.16 )"," "," "," "," "," "," "," "," "," "," "
"2024-01-01 to 2024-12-31","Physical & Occupational Therapy",COUNTY,MI,WAYNE,26,163,"155,745",458,24.01,7.06%,"10,995",458,"1,736",15.79%,5.75%,"$12,666,081.02",No,"BLUE 5","Extreme Values (More than 21,706 Beneficiaries)","BLUE 5","Extreme Values (More than 53 Providers)","BLUE 1","Lowest 25% (Less than 27.93 Users)","BLUE 3","Third Lowest 25% (6.56% - 9.31% of Users)","BLUE 5","Extreme Values (More than 1,843 Users)","BLUE 5","Extreme Values (More than 53.49 Providers)","BLUE 5","Extreme Values (More than 188 Dual Eligible Users)","BLUE 4","Top 25% Excl. Extreme Values (10.38% - 19.27% of Total Users","BLUE 3","Third Lowest 25% (4.97% - 6.56% of Total FFS Beneficiaries)","BLUE 5","Extreme Values (More than $1,669,532.25 )"," "," "," "," "," "," "," "," "," "," "
"2024-01-01 to 2024-12-31","Podiatry Services",COUNTY,MI,WAYNE,26,163,"155,745",270,82.98,14.39%,"22,404",270,"5,859",26.15%,19.40%,"$5,392,282.33",No,"BLUE 5","Extreme Values (More than 21,405 Beneficiaries)","BLUE 5","Extreme Values (More than 27 Providers)","BLUE 3","Third Lowest 25% (54.33 - 86.99 Users)","BLUE 4","Top 25% Excl. Extreme Values (10.61% - 17.59% of Users)","BLUE 5","Extreme Values (More than 2,084 Users)","BLUE 5","Extreme Values (More than 27.99 Providers)","BLUE 5","Extreme Values (More than 341 Dual Eligible Users)","BLUE 4","Top 25% Excl. Extreme Values (20.97% - 36.46% of Total Users)","BLUE 4","Top 25% Excl. Extreme Values (16.92% - 28.25% of Total FFS Beneficiaries)","BLUE 5","Extreme Values (More than $405,915.07 )"," "," "," "," "," "," "," "," "," "," "
"2024-01-01 to 2024-12-31","Preventive Health Services",COUNTY,MI,WAYNE,26,163,"155,745","1,729",42.35,47.02%,"73,227","1,729.00","15,611",21.32%,51.70%,"$13,850,327.17",No,"BLUE 5","Extreme Values (More than 20,670 Beneficiaries)","BLUE 5","Extreme Values (More than 233 Providers)","BLUE 2","Second Lowest 25% (34.31 - 42.64 Users)","BLUE 2","Second Lowest 25% (42.51% - 50.27% of Users)","BLUE 5","Extreme Values (More than 11,253 Users)","BLUE 5","Extreme Values (More than 233.99 Providers)","BLUE 5","Extreme Values (More than 1,047 Dual Eligible Users)","BLUE 4","Top 25% Excl. Extreme Values (12.48% - 22.01% of Total Users)","BLUE 4","Top 25% Excl. Extreme Values (51.62% - 73.05% of Total FFS Beneficiaries)","BLUE 5","Extreme Values (More than $2,082,449.13 )"," "," "," "," "," "," "," "," "," "," "
"2024-01-01 to 2024-12-31",Psychotherapy,COUNTY,MI,WAYNE,26,163,"155,745",283,35.45,6.44%,"10,032",283,"3,833",38.21%,12.69%,"$6,851,151.87",No,"BLUE 5","Extreme Values (More than 22,623 Beneficiaries)","BLUE 5","Extreme Values (More than 19 Providers)","BLUE 1","Lowest 25% (Less than 37.67 Users)","BLUE 4","Top 25% Excl. Extreme Values (4.30% - 7.04% of Users)","BLUE 5","Extreme Values (More than 898 Users)","BLUE 5","Extreme Values (More than 19.99 Providers)","BLUE 5","Extreme Values (More than 289 Dual Eligible Users)","BLUE 4","Top 25% Excl. Extreme Values (37.50% - 61.39% of Total Users)","BLUE 3","Third Lowest 25% (10.27% - 13.28% of Total FFS Beneficiaries)","BLUE 5","Extreme Values (More than $492,500.55 )"," "," "," "," "," "," "," "," "," "," "
"2024-01-01 to 2024-12-31",Pulmonology,COUNTY,MI,WAYNE,26,163,"155,745","1,086",29.03,20.24%,"31,528","1,086.00","7,075",22.44%,23.43%,"$5,259,448.63",No,"BLUE 5","Extreme Values (More than 20,766 Beneficiaries)","BLUE 5","Extreme Values (More than 127 Providers)","BLUE 1","Lowest 25% (Less than 36.95 Users)","BLUE 2","Second Lowest 25% (18.17% - 20.89% of Users)","BLUE 5","Extreme Values (More than 4,631 Users)","BLUE 5","Extreme Values (More than 127.99 Providers)","BLUE 5","Extreme Values (More than 460 Dual Eligible Users)","BLUE 4","Top 25% Excl. Extreme Values (12.94% - 22.52% of Total Users)","BLUE 4","Top 25% Excl. Extreme Values (21.64% - 29.25% of Total FFS Beneficiaries)","BLUE 5","Extreme Values (More than $724,238.04 )"," "," "," "," "," "," "," "," "," "," "
"2024-01-01 to 2024-12-31","Skilled Nursing Facility",COUNTY,MI,WAYNE,26,163,"155,745",92,50.91,3.01%,"4,684",92,"1,273",27.18%,4.22%,"$82,259,670.82",No,"BLUE 5","Extreme Values (More than 23,273 Beneficiaries)","BLUE 5","Extreme Values (More than 13 Providers)","BLUE 3","Third Lowest 25% (44.81 - 59.42 Users)","BLUE 3","Third Lowest 25% (2.54% - 3.10% of Users)","BLUE 5","Extreme Values (More than 611 Users)","BLUE 5","Extreme Values (More than 13.49 Providers)","BLUE 5","Extreme Values (More than 153 Dual Eligible Users)","BLUE 3","Third Lowest 25% (21.59% - 28.32% of Total Users)","BLUE 2","Second Lowest 25% (4.07% - 5.29% of Total FFS Beneficiaries)","BLUE 5","Extreme Values (More than $11,276,674.92 )"," "," "," "," "," "," "," "," "," "," "
"2024-01-01 to 2024-12-31",Telemedicine,COUNTY,MI,WAYNE,26,163,"155,745",124,51.75,4.12%,"6,417",124,"2,372",36.96%,7.86%,"$1,357,252.10",No,"BLUE 5","Extreme Values (More than 22,145 Beneficiaries)","BLUE 5","Extreme Values (More than 12 Providers)","BLUE 2","Second Lowest 25% (43.50 - 57.99 Users)","BLUE 4","Top 25% Excl. Extreme Values (3.66% - 6.25% of Users)","BLUE 5","Extreme Values (More than 646 Users)","BLUE 5","Extreme Values (More than 12.49 Providers)","BLUE 5","Extreme Values (More than 199 Dual Eligible Users)","BLUE 4","Top 25% Excl. Extreme Values (33.52% - 56.85% of Total Users)","BLUE 3","Third Lowest 25% (6.76% - 9.06% of Total FFS Beneficiaries)","BLUE 5","Extreme Values (More than $120,625.00 )"," "," "," "," "," "," "," "," "," "," "
